116.4400612054131,39.71885867222221,141.70370370370372
116.43621248095178,39.72081273982579,120.73168590118956
116.43789653846156,39.72068830769231,105.84615384615384
116.43776974331828,39.72247537196192,248.01330076004342
116.44543940252383,39.724190036462815,266.1328650209946
116.4370640952381,39.72090380952381,111.28571428571429
116.43079676923077,39.724687076923075,165.19230769230768
116.4310762,39.724002,170.2
116.430995,39.724022000000005,283.0
116.44159865254836,39.7207740469895,11.720522215620255
116.43632573600668,39.72168310149336,181.55005530973452
116.43370822222222,39.72834755555555,0.0
116.44043685714281,39.71965292207791,338.9220779220779
116.43839538942305,39.72249238461537,68.01923076923077
116.43867968000002,39.72213531999999,157.0
116.43251188076981,39.72123284346926,85.18128693853427
116.44165862500002,39.72263075000001,67.875
116.44225329309978,39.71601377053664,339.3162583879657
116.44491049999999,39.726822,178.5
116.4322318,39.7175748,260.8
116.44698667901233,39.724248925925934,265.60493827160496
116.43046000000001,39.723938714285715,260.2857142857143
116.436061,39.72927533333333,2.0
116.44355261458327,39.723592833333385,80.78472222222223
116.44187476651348,39.72164750979686,21.202997002997005
116.43385984615385,39.72678015384615,259.0
116.4403873888889,39.71975694444445,330.44444444444446
116.43644502331078,39.72799678584132,338.43214707732915
116.44872516021186,39.72391554883646,82.0297433718096
116.4381445714286,39.72473357142858,338.75
116.43619876867683,39.72183203685533,70.83131787419339
116.44150277916695,39.722797842233945,350.1534723485078
116.43859915399308,39.718388706249996,220.0
116.43201636363632,39.7186499090909,355.02272727272725
116.44316068455743,39.72409930320151,265.933615819209
116.43720929411765,39.72349564705883,256.6029411764706
116.4453245157247,39.72354999552622,78.3180811481219
116.4442710222884,39.723399668384054,71.50279308488649
116.43831968008769,39.719384441119765,112.94938907545196
116.450135,39.727056,107.0
116.43671762857144,39.72736871428571,330.42857142857144
116.4374522642344,39.72290617191818,248.5731527547448
116.44514029880114,39.72391762221618,262.6061671207992
116.44072504761904,39.72246347619047,339.9047619047619
116.44927013500768,39.724281994214515,262.28446522815926
116.43476123999999,39.72188792,241.28
116.44474215624997,39.723462000000005,70.625
116.45040864911113,39.72425770801533,81.8611564401264
116.43560164213379,39.7218754833234,251.2608418614292
116.43054103926318,39.721469092210505,268.5474210526316
116.4321630625,39.72927349999999,270.4375
116.43970100000001,39.72210825,70.5
116.43234006451614,39.715254838709676,355.38709677419354
116.438832203125,39.72292042187499,339.015625
116.4368895430461,39.720367139319954,136.24567618204938
116.44143575641026,39.72184235897436,29.94871794871795
116.4304957142857,39.725734928571434,345.2142857142857
116.43017248463889,39.721167196549615,90.49532219560788
116.43980282562511,39.723056554280845,251.47973933448415
116.44151451136364,39.72325622159092,70.61931818181819
116.4301236,39.7291526,34.0
116.44131169677583,39.718250730632185,340.45671261988423
116.433475,39.725064624999995,0.0
116.43552439922742,39.72890020568374,158.9868525779829
116.44036772121211,39.72367165303031,283.50757575757575
116.43397115151515,39.7220764939394,254.9969696969697
116.43364230518009,39.72133005576275,81.4005698005698
116.43306438425135,39.72142324416842,261.28585658862477
116.43506329687501,39.72134664062502,89.4375
116.44094187314175,39.71920262246912,342.0738700752766
116.43568121428571,39.72217403571428,239.96428571428572
116.433995,39.72167,228.0
116.42963015384615,39.728550435897425,347.02564102564105
116.44152818148395,39.72196099699199,31.718582887700535
116.44167849202609,39.72124421572386,14.461276493988205
116.4375888229403,39.720298093314014,119.88423450307423
116.4425593311689,39.72359661038965,259.25324675324674
116.45001087418748,39.724223912060566,81.85353005332041
116.43182867741933,39.72107022580647,87.38709677419355
116.44181252173915,39.72228873913043,30.26086956521739
116.42906473115055,39.72114729744414,90.49314518403926
116.433821,39.728796,287.0
116.4297331148434,39.72133221572976,270.1666942675784
116.43795888888889,39.72327222222222,248.94444444444446
116.44511369480519,39.72420852727273,266.9909090909091
116.44045802222222,39.72230369444445,72.46111111111111
116.43323670053763,39.725167207526894,0.0
116.43739566666669,39.71996055555556,130.38888888888889
116.44112456287685,39.721723566752786,24.670542635658915
116.43842299980187,39.71988461025396,122.55196269327632
116.43840716666666,39.72373533333333,330.5
116.43174392,39.72921658769231,259.1107692307692
116.4486112257363,39.7243413467742,261.9826086956522
116.44119472413796,39.71811563793103,338.63793103448273
116.43633431343284,39.72704770149254,160.65671641791045
116.44125290000002,39.7237906,264.2
116.43792525757578,39.72181325378788,58.70075757575758
116.43790985092049,39.722337011165465,68.00980862641823
116.43083801465988,39.727683327000825,180.0
116.43751021825398,39.721371063492064,9.94047619047619
116.44658416666668,39.726860333333335,84.0
116.44354578787875,39.72411603030302,266.030303030303
116.445257,39.724352499999995,178.5
116.42900461538463,39.72781676923076,263.6923076923077
116.44269731845242,39.723614020833395,259.6666666666667
116.4299345,39.7239065,80.0
116.43776034374541,39.72296973913988,251.8152972906274
116.4371634427743,39.72634624527316,339.02593867533625
116.43815833333339,39.723346041666666,251.08333333333334
116.4412,39.718895,103.0
116.43822,39.71927,127.0
116.44030150058569,39.71928286997992,158.78739959839356
116.44481845833333,39.723589805555555,77.01388888888889
116.43926671773688,39.723292852998355,255.9480512298645
116.44071176694383,39.719993717932205,353.5683267739451
116.44260721168514,39.72380000308618,261.8297059383211
116.44137675243617,39.7233987435024,255.96468728278793
116.44073237786775,39.72164975179937,16.5787224471435
116.44950784062146,39.72399338561578,81.97953216374269
116.431883031746,39.72004341269842,354.74603174603175
116.44033355022134,39.72318596137403,252.36316013115552
116.4375966990172,39.725850845208846,338.1191646191646
116.4400023270374,39.722942457651925,70.93780691084382
116.44095268112433,39.71978321325254,47.07802228635561
116.43604954041636,39.72887118983103,340.91790578086534
116.4332903109244,39.721562571428564,260.01680672268907
116.44077924680707,39.71894422197276,338.95112833829586
116.440135,39.7223,121.0
116.43866155172412,39.723940896551724,320.48275862068965
116.44569535714285,39.718936460317465,353.25396825396825
116.44202099978952,39.71556430889596,157.78533597388386
116.44115490837426,39.719928336711924,39.01444161460959
116.4305785,39.7256485,211.0
116.43274125475287,39.72837312167297,175.0
116.44699883078874,39.724061846709965,262.6469680628274
116.445955,39.718605,77.0
116.42859318181824,39.72144868181818,269.44545454545454
116.44344970310425,39.7237263008863,261.1803003842124
116.44877449751532,39.72422534126689,261.9627916340941
116.43621769165735,39.72201553092905,249.91562971829626
116.44241013217591,39.72379529175107,261.96829921420994
116.43426206481479,39.72213438888888,255.44444444444446
116.4457597777778,39.71815466666666,352.8888888888889
116.44462786142675,39.717514616161615,0.8636363636363636
116.44193207106694,39.722387258408695,40.42640144665461
116.44010641666667,39.72344766666667,250.5
116.44092437398591,39.72315949344851,73.41626613027141
116.43159357142859,39.72179942857143,40.0
116.434101,39.729121,219.0
116.4370997877808,39.72576821536722,158.8032003087298
116.42843387195119,39.7214677647732,269.2845649597862
116.43339328571429,39.72196242857143,256.2857142857143
116.44199064364538,39.72350934604871,257.50283075862916
116.445851,39.718031,0.0
116.43649311000001,39.727004599999994,158.81
116.45008,39.724641000000005,0.0
116.43919781110468,39.722880732889884,249.66844198114973
116.43890580234203,39.72211385374518,158.73403862919994
116.43514829508202,39.721136655737716,97.04918032786885
116.44911050715695,39.72442925529237,262.1459739197108
116.43643596590908,39.7268620909091,160.36363636363637
116.43717147911339,39.72086967953332,116.8840737583278
116.45075198734179,39.72459122784812,261.7088607594937
116.4475710038871,39.72411260749676,262.0375121112825
116.43371730769233,39.72916338461539,0.0
116.44069276639719,39.71792243948448,150.81375568616366
116.44098623913048,39.721118641304344,17.369565217391305
116.43834747999998,39.72271251999999,156.76
116.44993249999999,39.7239905,0.0
116.44305911241955,39.72368037935774,260.4162427016271
116.44123691245487,39.71849437321879,340.82173606855935
116.43683748387096,39.72339617204301,250.56989247311827
116.4329411111111,39.72852011111111,0.0
116.445648,39.7180265,154.0
116.430305,39.726125999999994,180.0
116.43203221666667,39.71849279999999,174.98333333333335
116.43342599999998,39.724924947368415,0.0
116.43309052498421,39.7290795107188,0.0
116.43799072398954,39.7250087946545,337.77966101694915
116.44368353846151,39.72409315384615,260.65384615384613
116.43021510000001,39.7279403,0.1
116.43465480552553,39.72118162586557,90.41417339432626
116.43848658056346,39.72302234836973,158.6866888255777
116.43774179310347,39.723863689655175,158.9655172413793
116.44616447368425,39.72421065789474,260.9736842105263
116.44631042291749,39.72400786040506,262.0477582895676
116.44139665671645,39.717688059701494,339.04477611940297
116.43278077123648,39.72123968333335,83.25483870967741
116.43630248963271,39.72740821862601,158.78271729293957
116.44181769281047,39.723991240740745,260.21786492374724
116.43857179625056,39.72195531205845,77.194174497814
116.43143398947365,39.721313010526316,260.62105263157895
116.43776241544876,39.72514903916239,338.84387904115056
116.43967197058822,39.7212461764706,338.79411764705884
116.43290328571429,39.72863642857143,0.0
116.43727250000003,39.72234826415094,248.3490566037736
116.4437955,39.723961,268.5
116.43398,39.72664,0.0
116.4365497392283,39.72229999511767,209.08364510310417
116.43066751162792,39.72138006976743,260.27906976744185
116.439376,39.723276166666665,250.16666666666666
116.429423,39.728573,340.0
116.42944198767148,39.721173648772314,90.51739839813744
116.43327052497706,39.72126907918604,82.1370151391745
116.43645653419105,39.7222268283507,204.87733740025405
116.44229258086382,39.71507236219918,157.73670314900156
116.44130494128865,39.7239867728408,265.94082988496785
116.444529125,39.724205375,266.625
116.4390719405903,39.71923575561073,93.47210324887224
116.4385155142857,39.7235617,338.85714285714283
116.4396189047619,39.72335919047618,300.3809523809524
116.4467485,39.726980999999995,252.0
116.4389182443718,39.724072042846764,302.73565722585334
116.4417532670978,39.72333025898094,76.0638670931784
116.44175566666665,39.71592955555556,150.66666666666666
116.45073516669504,39.724114270951844,82.18194939718119
116.42965269230771,39.72829726923077,167.65384615384616
116.44688262878788,39.72426698106061,266.8636363636364
116.43348281153847,39.72162635000001,250.41384615384618
116.43369,39.729085,8.0
116.4405113819303,39.71825522803852,148.78781690311646
116.4487508903409,39.72437907215908,261.8710227272727
116.43226313333328,39.72155644444443,263.1111111111111
116.43691686518291,39.72694224614158,338.5733207000458
116.44641320270266,39.72421758108109,265.81081081081084
116.43851572727273,39.723684863636365,258.90909090909093
116.43478629641942,39.7216637764894,255.0627690665424
116.45049792566829,39.72438816455816,262.1666404441814
116.43059306746034,39.727642770634915,180.0
116.449135,39.718131,101.0
116.43296440347434,39.72111211388955,85.54183247778906
116.43731309718483,39.72475114774612,161.21882016890862
116.4366357399058,39.72631105031174,160.801067276539
116.431503,39.722,240.0
116.429276,39.729065,194.0
116.44026821153845,39.723928788461535,261.84615384615387
116.43513391843966,39.72159354964542,74.90425531914893
116.42984759340663,39.72145608791207,269.1758241758242
116.44580816521741,39.72403324347827,264.2086956521739
116.44079662310156,39.72101355511298,10.942144188213371
116.42924020433934,39.72116522147857,90.4969324128032
116.44342515562215,39.7235629114693,80.84182908545728
116.43677058426958,39.72257151685393,222.41573033707866
116.43973726412584,39.7236681848504,261.4830011513462
116.43389596209977,39.72173419990134,251.7307723928146
116.44197138461534,39.716493115384615,339.0
116.44770145085002,39.72398203559196,81.83120949589224
116.43129882652352,39.72118925730271,88.7927575126885
116.42832349999999,39.72376775,260.5
116.43569619264326,39.72171855493274,72.24721837483384
116.4387005399813,39.7197282243296,127.29926148504273
116.43160700000001,39.7207104,92.0
116.44017208181819,39.71940168333334,61.18030303030303
116.4426209689335,39.71529124262076,330.2145576279292
116.43329,39.725025,12.0
116.43629547154812,39.723227105820094,238.65507351444853
116.43680763357318,39.72216513860704,248.49084670442033
116.42873955357142,39.72145215178569,269.58035714285717
116.43682470212768,39.72733325531915,337.72340425531917
116.44652445557864,39.72421826063757,265.81940401940403
116.446086,39.723551,253.0
116.43264066671072,39.72160807634055,262.5993969121117
116.4415505,39.7237475,250.5
116.44381387380619,39.7231941938023,62.660940957714544
116.44007246598824,39.723900237274556,261.5757851169141
116.43201364285714,39.71826921428571,173.85714285714286
116.43732128525636,39.722133320512825,60.217948717948715
116.42971626666667,39.72387400000001,0.0
116.43529491666668,39.72200125,243.66666666666666
116.44331197660817,39.724047828070184,265.58304093567256
116.43336115,39.7252365,17.95
116.43613397210532,39.722531313528805,229.4996492704826
116.44491995263532,39.724153253472224,266.0806623931624
116.43997106666669,39.72345946666666,250.26666666666668
116.43772801396302,39.72226776385277,68.18022304223187
116.44195660198072,39.72335671796775,76.78384192364004
116.44219956572233,39.71618843180285,339.7530710753367
116.43778726590912,39.71962970227273,128.7935606060606
116.4396269801587,39.72063373412699,158.83134920634922
116.44620460627097,39.72366234691649,80.21353895026316
116.43354362732639,39.72863876308273,0.018518518518518517
116.4367679298532,39.72605192119596,160.71972824217406
116.43756184032259,39.72067258812315,120.73885630498535
116.4308945,39.72443375,340.75
116.43181785714285,39.720063428571436,330.35714285714283
116.43956699999998,39.72211266666667,75.2
116.43301424999999,39.729249499999995,258.0
116.42956425,39.723888249999995,89.625
116.43611047368421,39.722372210526316,235.0
116.43063203859326,39.72781768137224,180.0
116.43675954098354,39.72077090983607,140.28688524590163
116.43247848368301,39.721528442501935,262.17909867909873
116.4349912707723,39.72170535725874,253.060774897786
116.44148220512824,39.71752711538462,338.97435897435895
116.45044170026044,39.72454189434592,261.78435754939636
116.43408,39.728646,331.0
116.4311815194805,39.721303779220776,260.3766233766234
116.44116292596,39.723215966101684,74.36232563371831
116.44257594473429,39.722828121417265,50.668239777290985
116.4307095,39.7279815,75.5
116.43761991666668,39.72508991666667,0.0
116.4388238157905,39.719267039381606,100.1009378294732
116.43721140966367,39.72045347809762,122.52097098688837
116.432851,39.729125,254.0
116.4343678944487,39.72191050313377,241.1469624631734
116.4315950287019,39.72131957217867,267.09508949937776
116.43321356321842,39.72879513218389,2.0804597701149423
116.43541868592636,39.72259240512698,220.23113565410816
116.43733110218751,39.7252928759375,158.90281249999998
116.44382161029412,39.72338280110293,68.36360294117648
116.439544,39.72326175,301.75
116.431606,39.722111,325.0
116.43970316515153,39.72111782424243,338.76666666666665
116.44199267636603,39.71672102429773,340.65532772312434
116.44062710353536,39.71863119696969,158.6969696969697
116.43684581818185,39.727169863636355,330.22727272727275
116.433619,39.729269318181814,173.0
116.44096229411763,39.723459999999996,309.70588235294116
116.43938037500001,39.723618968749996,252.96875
116.44104768,39.71770752,150.52
116.44565051818174,39.718175963636355,0.0
116.43667174137934,39.72731449999999,339.05172413793105
116.44199055506792,39.72336033357185,76.9133357539477
116.43720310379634,39.72212211533727,68.70603285602515
116.44206077360386,39.71661801225393,340.6805946163118
116.4446058409091,39.72414159090907,260.72727272727275
116.44363141903955,39.72313504442928,60.34097434156836
116.44079772181371,39.72061129534313,0.22549019607843135
116.43603433333332,39.72295533333334,227.66666666666666
116.43660425888481,39.720926000000006,149.47150735294116
116.4302831875,39.72630425,190.0
116.43257399999999,39.729177666666665,269.3333333333333
116.44053108970682,39.72277205844299,329.3840300963936
116.44270421350498,39.72256940311878,42.3052777032335
116.441578,39.717705452991474,340.982905982906
116.43057728612709,39.72130804335259,269.71098265895955
116.44609280950026,39.724010445084126,262.78296632661977
116.4322,39.7281,180.0
116.43253543103565,39.721089254741116,86.78203981773324
116.43674113793107,39.72301058620689,219.89655172413794
116.43963214514831,39.72387030003684,260.2795776918117
116.43237105059522,39.72930616964287,265.73511904761904
116.42860025763324,39.72133363015132,270.25373240491166
116.4297105,39.727914,133.0
116.43668748725614,39.726636177768086,158.71351289530557
116.440763390715,39.71896916725342,338.94064767921327
116.43191159302329,39.71969389534885,350.87209302325584
116.44214025,39.72278725,60.25
116.4455705,39.718531,0.0
116.44159677777778,39.71667340740741,159.0185185185185
116.43087535416666,39.724506125,0.0
116.43882325780777,39.72262275000004,60.28078078078078
116.43831135416669,39.723641875,250.4875
116.445739,39.71800675,170.0
116.44188196937223,39.7168098240296,339.8052329137248
116.44232078126662,39.723799610832955,262.1643425010367
116.43151128737998,39.72154172976681,265.6766117969822
116.43945819412905,39.72344177730365,300.02383011253977
116.43059379464285,39.723982160714286,79.58928571428572
116.43953600000002,39.723515666666664,300.0
116.44091247074495,39.72090734176111,12.760195679550518
116.4300628,39.727914,0.0
116.43122249999999,39.723416,178.5
116.4376618,39.72468205454545,158.5818181818182
116.43656886493098,39.72686129696387,158.70526133610247
116.445188,39.723501750000004,62.25
116.429878,39.728258499999995,256.5
116.45064346825394,39.72456507142856,261.6111111111111
116.4334745,39.728348499999996,171.0
116.43217593940781,39.721503413843095,263.1046245421245
116.43801343162659,39.71950686434712,120.63545308141856
116.44141574418605,39.71702483720931,158.69767441860466
116.44110758333333,39.72340616666667,313.25
116.43930617506615,39.72069324803241,75.88088624338624
116.43175833333333,39.720284666666664,352.3333333333333
116.43896687320577,39.72366525358852,307.4545454545455
116.4482572251462,39.7238888696742,81.96491228070175
116.4481472037347,39.72386523049052,81.93673355629878
116.43609455933809,39.7231000423903,232.5432882074524
116.44111337573061,39.71828841644365,338.7731327673188
116.43717309896869,39.72010970386707,138.94281195882598
116.43781295,39.72320665,245.2
116.4472524547939,39.72409820339571,262.75335005299223
116.44229411428576,39.724018057142864,260.2
116.43967587125412,39.7192721142032,81.1960769447681
116.43956252690278,39.72282109162363,69.6481438208385
116.44029090540546,39.71995095945946,338.81081081081084
116.4390374546797,39.72283317848008,249.40246476209816
116.43648766056337,39.72192070211264,70.2612676056338
116.44592109053482,39.724000149465205,261.74807486631016
116.4364489231998,39.72671322623444,161.2412704807951
116.43148233333334,39.729275333333334,70.33333333333333
116.43438431505422,39.72146307751094,77.8370582813029
116.43469776470589,39.72182564705882,247.88235294117646
116.43316271428576,39.728696542016785,4.5
116.44077628750003,39.72005990000001,206.225
116.43674439416482,39.72047843467515,132.30590971720895
116.44257440855621,39.7224696689035,40.54501894912792
116.4363352,39.728359,330.2
116.42954316666665,39.72787700000001,71.83333333333333
116.44504386885247,39.72400852459018,262.7704918032787
116.43800604761906,39.724645857142846,330.6190476190476
116.44044394930192,39.71896601651143,158.6882912885813
116.43731917999999,39.72633022,337.7
116.4475166819789,39.723967095406316,81.1696113074205
116.4406727271242,39.722563962418306,340.296568627451
116.43804166666666,39.72329799999999,157.66666666666666
116.42994259374998,39.72903059374999,79.3125
116.43846375000005,39.722665093749974,240.375
116.44538899999999,39.72135066666667,238.33333333333334
116.43624449180328,39.72724250819672,160.7377049180328
116.43552423529415,39.72130161764704,90.88235294117646
116.44002111585947,39.71984485754986,158.8376068376068
116.43142066666667,39.72406766666666,260.3333333333333
116.43263633333333,39.728746,146.0
116.44009312941172,39.71859325882352,143.25882352941176
116.43398619901738,39.72116945492569,82.14643487024439
116.433525,39.728173,324.0
116.43755231928574,39.7242913307143,159.79071428571427
116.42861566071429,39.72778905357143,76.9375
116.43994484807183,39.72065149351728,338.889960106383
116.4325322,39.72932275000001,260.4
116.44108421212124,39.71977869696968,42.60606060606061
116.43662135714287,39.72744085714287,330.42857142857144
116.43756149458734,39.72482774741812,158.57929343094335
116.43807383333332,39.724951999999995,0.0
116.44331676344086,39.722991091397866,55.30645161290323
116.430535,39.725446,90.0
116.43738520000002,39.72122040000001,353.3
116.43612914261386,39.72751647275436,160.32205193699446
116.44941586953428,39.72415196423021,81.69460126483567
116.44623611698563,39.72426316197543,266.5285075503632
116.439167175961,39.71844301147998,297.0
116.43924714285716,39.72209935714286,330.2857142857143
116.44252504074076,39.72346637394176,78.54484126984127
116.43763810526315,39.72091289473684,320.89473684210526
116.43747763109229,39.7256755448718,338.91339794464795
116.44218815202136,39.72202986486585,30.203159175415575
116.44028930718139,39.72302455600185,71.59165212290947
116.43953011172174,39.72298245522775,250.4429897001235
116.4318456,39.7258068,70.4
116.4308073846154,39.72146051282051,260.43589743589746
116.42913335714283,39.72385071428572,0.8571428571428571
116.43413127956981,39.72154307526886,250.3548387096774
116.43820438036597,39.722995647765245,156.8912826939143
116.43635209410135,39.72810560111152,339.20999115826703
116.42852,39.727746,310.0
116.43308489534891,39.72868232558139,8.30232558139535
116.44215689291163,39.724025240663124,266.1078506097561
116.4389292458035,39.720638120936265,82.89488355894065
116.4372414084507,39.72492869014084,161.42253521126761
116.43696742801504,39.72273040297448,234.33639766376945
116.431345,39.723718,75.0
116.4357338171516,39.72099279871436,110.96859616714542
116.4434328843458,39.72302772502921,57.140478971962615
116.43659633710408,39.72291112895928,223.29864253393666
116.43931870537632,39.719236107396554,88.51951775822744
116.43266679999999,39.7293194,71.0
116.43161557281329,39.72394381312056,92.00555555555556
116.44212069523809,39.716243850000005,330.29285714285714
116.43700076470589,39.72592905882353,150.35294117647058
116.44206990265484,39.71645194812442,339.8908004226654
116.44086900925923,39.72393038888888,261.97222222222223
116.4491353765203,39.717242398479726,91.0
116.43687492307693,39.727245205128206,337.71794871794873
116.43902955555552,39.72255107407408,330.18518518518516
116.4413116449327,39.71721430783543,158.7473867595819
116.43949727272735,39.72334671212121,256.3333333333333
116.4327685,39.72090725,87.7
116.43813007919456,39.72002208869513,121.72103374679308
116.44360533333334,39.71845533333333,262.6666666666667
116.43987049494949,39.71882970707071,140.66666666666666
116.43358766294216,39.72116462412181,83.26577640503876
116.4397184117647,39.72380629411765,281.0
116.4427544375,39.722924791666664,54.166666666666664
116.44076521331725,39.71979770911289,351.2625078831196
116.43334471470591,39.7283814305011,0.0
116.4337083,39.72843760000001,351.0
116.43047045000003,39.72587495,345.15
116.44139460916327,39.72028686390974,22.225635565107112
116.43535830769227,39.729241692307696,150.26923076923077
116.43082733333334,39.72917633333333,69.0
116.44526003061229,39.72365805102041,78.18367346938776
116.4426566923077,39.722966692307686,63.69230769230769
116.43850930216934,39.72252748621692,60.31911375661375
116.434612,39.72124,94.0
116.43704031578947,39.723475578947365,255.47368421052633
116.44662480582528,39.723882419902935,81.73058252427184
116.436841875,39.723106,210.5
116.44144,39.723546,66.0
116.43696992307676,39.7222133736264,240.23076923076923
116.430231625,39.723933625,80.125
116.45040999999999,39.724131666666665,0.0
116.42995035714286,39.72790926785714,180.0
116.43612356024018,39.72860425507783,341.28830345074545
116.4412348180903,39.717064521228394,157.87111931532138
116.43794696153844,39.72047834615384,121.42307692307692
116.43049868749995,39.72772854166667,180.0
116.44174906611573,39.71731618181819,340.91735537190084
116.42956540316823,39.7214822021419,269.2690763052209
116.43267616819121,39.721377055895836,262.46157468089945
116.43045381250002,39.72670912500001,250.0
116.4390989320518,39.719733714518014,133.54370582365138
116.43901848567617,39.723250725005975,255.62420694099237
116.43174518307593,39.72136443511368,260.38878163878167
116.441286,39.720451,10.0
116.440291,39.72110416666667,39.5
116.4411173070866,39.721378110236216,21.976377952755904
116.43371450000001,39.725074500000005,179.0
116.44174265384619,39.71703520512822,339.29487179487177
116.44162399999999,39.720557,11.333333333333334
116.42984799999999,39.727580249999995,175.0
116.44424091021028,39.72381537853471,261.8502710793511
116.44538683333333,39.7212245,351.3333333333333
116.44191298484846,39.71597568181818,158.8939393939394
116.44429258658437,39.72365881025364,81.55873710949348
116.433063,39.724988,329.0
116.44116844444443,39.7218195,20.5
116.43999264017859,39.71931919196428,71.08392857142857
116.4332005,39.7253355,150.5
116.434083,39.725906,151.0
116.43588757601002,39.72126518719602,101.53868052448223
116.435045,39.7221435,325.0
116.43388467721513,39.72865252531646,146.01898734177215
116.43930382609918,39.7227582527099,68.77422684556879
116.450365,39.723946,135.0
116.4314426875,39.723780437500004,92.0
116.44455310204604,39.723696459772775,81.952402487841
116.43311299999999,39.7283215,151.5
116.43109100000001,39.717533,81.0
116.43739253769843,39.720825358766234,111.3327922077922
116.43364349999999,39.727568500000004,0.0
116.43374731744369,39.721145604480704,83.00212380212379
116.44226740476188,39.71511854761905,150.1904761904762
116.43282560253971,39.72159373936508,261.16269841269843
116.436315,39.72238,253.0
116.43827968510645,39.71995736778864,122.61252186518254
116.43740947153675,39.72306132279618,240.7433643760398
116.44196129166669,39.71657404166667,330.2083333333333
116.430574,39.729184000000004,267.6666666666667
116.43953459999999,39.71909326666667,130.2
116.4310954,39.729129,270.0
116.432111,39.721731,90.0
116.429265,39.72629,306.0
116.43106765236993,39.721129577940744,90.03793352601156
116.44031578947369,39.72368105263158,278.57894736842104
116.44199591666667,39.72274458333333,66.41666666666667
116.44283535775827,39.72363715227884,259.9430300680624
116.43593493361213,39.72807331245288,159.3440969303522
116.43203933333335,39.717960457236835,175.46271929824562
116.44511866666666,39.72525166666667,177.66666666666666
116.429886,39.72888,341.0
116.43229120000001,39.7209177,84.0
116.44744953355706,39.72380684941865,81.86076188675679
116.4376015185185,39.72418199999999,159.62962962962962
116.44149649074082,39.71781280185185,340.65
116.4374185518666,39.720364589143955,120.06050203818924
116.44139322870537,39.71668965816857,157.48369534722823
116.42936616483519,39.72645307967033,327.31868131868134
116.43209338888892,39.71790127777777,355.44444444444446
116.44448315957445,39.72396956382982,264.47872340425533
116.4363632857143,39.72108028571428,0.0
116.42950917021275,39.72134842553191,268.40425531914894
116.43664238297873,39.72083019148935,143.25531914893617
116.4322196785714,39.71640635714285,355.07142857142856
116.43213857142857,39.71723885714285,351.2857142857143
116.43062112499997,39.72537762500001,346.3125
116.43923242883619,39.72148737064492,158.92401779095627
116.43222231666664,39.716270775,355.43333333333334
116.44104830434787,39.723328411594224,255.12753623188405
116.43189280000001,39.71946277142857,172.5142857142857
116.43292733333334,39.728367666666664,0.0
116.44493024324315,39.72397343243242,263.8198198198198
116.4368829789855,39.72096275652173,115.6391304347826
116.4427175518709,39.723456619836526,79.4148470973471
116.43379129166665,39.72093170833334,87.83333333333333
116.44255628146273,39.724056622214,265.88796936758894
116.44584103562103,39.724195724352555,265.8981826554071
116.4352195,39.722541750000005,217.5
116.43321850000001,39.724937,174.0
116.42945100000001,39.72910583333334,342.3333333333333
116.445576,39.718375,16.0
116.43645563827687,39.723259824011286,241.07959039548024
116.4284861681303,39.72117222221002,90.5120855655788
116.4328192835145,39.72186826086957,255.89402173913044
116.4477861131668,39.72382883871207,81.96531093427645
116.44226049999999,39.72332183333334,70.16666666666667
116.44909780487784,39.72426776341462,262.4926829268293
116.44848980659836,39.72420194350422,261.8277633448955
116.43320633333333,39.72918633333334,66.0
116.44275250000001,39.720628000000005,173.5
116.43148,39.7291045,250.0
116.43853311539542,39.719278740608374,107.86928438734789
116.44178131666666,39.72151132222224,17.733333333333334
116.44302349999998,39.7239468409091,262.27272727272725
116.43794680013643,39.72253234136644,248.20635957872548
116.44113239999999,39.72249086666667,70.06666666666666
116.43861,39.723855,259.0
116.43881399999998,39.71963726086956,120.26086956521739
116.436136,39.721152375,105.75
116.44796839336465,39.724144550761906,261.93839903111007
116.4398981395951,39.71902762523541,141.35640301318267
116.43692111627908,39.72713483720929,337.69767441860466
116.44216901868927,39.72256719824895,43.969803914321496
116.43972411105234,39.720431205711265,158.86144896879958
116.43240355555557,39.720786222222216,0.0
116.44108342115749,39.723607038072316,258.7943663947772
116.4490351526775,39.72396051358037,82.3544513457557
116.44148178703706,39.71792646296298,341.05555555555554
116.43982706355413,39.72024874342182,158.75394582184137
116.44750733060268,39.72429384619066,264.3986379815552
116.43736250000002,39.724385156249994,171.5
116.43882604545455,39.72097891491842,207.37995337995338
116.4428139598157,39.724064393721235,265.66715194743057
116.43860857616487,39.72337644360439,339.0906137992832
116.43340991578943,39.72899928421051,7.578947368421052
116.44715169983643,39.72386575721191,81.57831601965978
116.44134209615387,39.72205946153846,23.346153846153847
116.44102905555557,39.72245322222222,70.55555555555556
116.443177898477,39.72312601224389,59.72624566074179
116.43896288461539,39.72258319230769,338.84615384615387
116.43358041666669,39.726828000000005,265.0
116.43196661538461,39.71873576923077,175.84615384615384
116.43391,39.7266405,180.0
116.4481183137254,39.724187316526645,262.546218487395
116.42947417391304,39.72902030434784,348.0
116.447271375,39.724365375000005,266.0
116.43748764285715,39.72112449999999,345.7142857142857
116.43711456716419,39.72209717910448,60.223880597014926
116.44984834186627,39.72449740079639,261.86397133592686
116.44780288181819,39.724319393181815,263.32727272727277
116.44103135616443,39.72396967123288,265.958904109589
116.43337201562497,39.729113390625,11.25
116.43584389375985,39.721902821687706,250.7530099357101
116.431156,39.728146,276.0
116.43998065789472,39.718714520897834,141.83049535603715
116.4413566718677,39.723259557088596,74.78628576424471
116.437391,39.721115,268.0
116.44811619393568,39.72403946476199,81.83183386096302
116.43708575499504,39.72528194688647,160.87096237096236
116.43171608620685,39.72252289655172,0.0
116.44392127483967,39.7236343689332,81.31055402930403
116.434391,39.729256,282.0
116.44243160714284,39.72403217857142,260.32142857142856
116.43585689297659,39.72291251337792,220.53511705685617
116.44774045931179,39.72417527955464,262.202024291498
116.43892248636365,39.72119548598485,189.11401515151516
116.43073588888888,39.721536333333326,269.6666666666667
116.43565352210153,39.728660461459846,159.1296577181603
116.432831,39.728796,135.0
116.43959222033898,39.72074208474577,158.71186440677965
116.43411245454546,39.72108018181819,85.72727272727273
116.43421138888893,39.72171183333333,250.90277777777777
116.44159815143587,39.71654364016599,158.38746113556292
116.43510633333331,39.722415833333336,220.58333333333334
116.43636211538465,39.72192103846154,191.5
116.44601050839361,39.723818320828975,81.28215203302311
116.43413883333334,39.7261985,159.0
116.44046615343468,39.72119483586712,40.541666666666664
116.43589220000001,39.72927344583334,347.4125
116.44334718181818,39.72289054545455,50.72727272727273
116.435491,39.729251,0.0
116.44964334189498,39.724451803082175,261.63256278538813
116.429605,39.720995,85.0
116.43592456097561,39.7230299512195,228.7560975609756
116.43561256169832,39.722765939552076,221.7168066229364
116.4300205,39.72395349999999,180.0
116.447661,39.718766,30.0
116.44460887499999,39.723993611111126,264.625
116.431157025,39.723695975,0.0
116.43313633333332,39.72814866666666,82.66666666666667
116.43365482758621,39.72893489655173,0.0
116.4343661875,39.72094331249999,87.25
116.44973480738851,39.72403053509348,82.67090608352378
116.43810084929463,39.72257136440163,248.43606778302885
116.43662294002725,39.72056033761586,130.4511097410411
116.43764863934416,39.72243832786885,240.19672131147541
116.44121631481477,39.71741864814814,158.8148148148148
116.439746,39.72274,260.0
116.43243633333333,39.721741,70.0
116.42885956052632,39.72149970438596,269.49122807017545
116.44011503130932,39.719329542694496,68.17362428842505
116.4425185217949,39.71550409945053,339.1401098901099
116.43124055220588,39.721454816176475,260.5575980392157
116.43225011990393,39.72135352922794,261.30555703980764
116.43929188235293,39.72352238235295,301.2352941176471
116.43827377333335,39.72339306,158.77438596491228
116.42993165286892,39.72114274842426,90.55367236500335
116.44885747058832,39.72409605176477,81.81411764705882
116.43979541994118,39.72094970723068,338.8878196560634
116.43004843478262,39.7271298731884,166.33876811594203
116.43408650513133,39.721808581326684,248.48257080610026
116.437386125,39.7242205,170.375
116.43766595833331,39.72401683333333,159.29166666666666
116.43147547169816,39.72369471698111,0.0
116.44424242500001,39.72396200000003,263.6875
116.44800078688205,39.72429919469883,262.93280087888246
116.44075711428572,39.722333857142864,348.0
116.43284,39.72811,183.0
116.43211694117647,39.72108684313726,80.31372549019608
116.433983,39.726483,6.0
116.44003,39.724,294.0
116.43639016216221,39.72204994594594,240.24324324324326
116.435685,39.722055999999995,71.5
116.4418676,39.721374,19.1
116.4424911341464,39.71560283536584,339.2256097560976
116.43752776923078,39.721228538461546,354.84615384615387
116.43021410468694,39.72147324991448,268.8953130345535
116.4440025194444,39.723769783333324,261.6222222222222
116.44296992857142,39.72287228571428,49.107142857142854
116.4305277037037,39.72105799999999,92.03703703703704
116.44730283137201,39.72379238992538,81.63561997703789
116.44078858333329,39.723277734848466,251.0
116.43973607506128,39.71895278145284,139.00219800647093
116.43127714285713,39.72803957142857,0.0
116.43664211999997,39.72265047999999,234.56
116.43595363689138,39.72915827649813,346.84325842696626
116.43443706989707,39.72117190823327,88.2670097198399
116.4405680270979,39.718757502913746,158.64219114219114
116.43928578814837,39.72134425059595,158.79611809732094
116.44369958823528,39.723354941176474,60.94117647058823
116.43331783333332,39.72880008333333,349.0
116.43800118188518,39.72361275885373,258.1544816694284
116.44955211017795,39.72430420926433,262.1125461959921
116.43310450000001,39.724892437499996,0.0
116.43372597163867,39.72170240738458,255.60424081126394
116.4348892380952,39.721164492063494,95.77777777777777
116.43298066666667,39.72890566666666,333.0
116.44177057805565,39.72366939007665,259.82533279548204
116.4449801659686,39.72350810336655,77.60726051975435
116.4439321697861,39.723917092423,263.636097008904
116.44012141379311,39.71970865517242,158.86206896551724
116.43942706437419,39.721031237963736,159.03416269676885
116.44117705882351,39.72330652941177,320.29411764705884
116.4333224117647,39.72487747058824,0.0
116.449309,39.72448375,255.75
116.43358323076919,39.728830076923074,0.038461538461538464
116.45019425000001,39.72705075,291.75
116.44410682222217,39.723658133333345,81.44126984126984
116.43386849999999,39.728902500000004,41.5
116.43544095964775,39.721815942895454,251.80649281073957
116.44110380328647,39.71874140923206,340.7023443545183
116.43228945294116,39.71583891882353,355.3058823529412
116.43346228571428,39.72876742857143,1.4285714285714286
116.44110245714283,39.71726697142857,150.45714285714286
116.43400412903227,39.72675461290323,147.0
116.43225332142859,39.71603967857143,355.14285714285717
116.43434536082472,39.72129903092783,82.90721649484536
116.44099171764712,39.72146770588236,20.96470588235294
116.44507,39.72605,170.0
116.43652233333336,39.72656492592593,160.96296296296296
116.43464100000001,39.722216249999995,263.9
116.44101064881043,39.71900793968934,341.18426016911116
116.4316705,39.728117999999995,270.5
116.4417386230471,39.716153480240045,157.97894998046257
116.43826175000001,39.72398224999999,330.5
116.44181649999999,39.723810900000004,264.6
116.43756591666668,39.72110433333334,339.0833333333333
116.44470807894739,39.7239570526316,261.36842105263156
116.44298199999999,39.722668666666664,47.0
116.430237,39.7266465,74.5
116.42875075,39.72119375,80.75
116.4404813362908,39.723068686449494,71.82936747940431
116.43003048491077,39.72132246422847,269.8617079120926
116.44235105404724,39.72234676797387,36.706887883358476
116.4283898430532,39.721336745910335,270.3633179284038
116.43002235294117,39.727282,344.47058823529414
116.43660664221063,39.72109296461208,111.8637217160584
116.43035400000001,39.7278791,180.0
116.43939499999999,39.7190935,103.5
116.43940881249999,39.719506187499995,130.3125
116.4370229672131,39.7205730081967,129.5737704918033
116.43723031372546,39.722954666666666,239.37254901960785
116.43883810714281,39.72225134523809,158.85714285714286
116.43812062318838,39.72373643478261,158.7826086956522
116.43195484269674,39.719380786516844,353.60674157303373
116.43983742857142,39.72377242857142,270.57142857142856
116.44178880000001,39.7226932,60.0
116.44037435714283,39.719137999999994,150.14285714285714
116.44897877150552,39.72427710215047,262.5752688172043
116.44924618181818,39.71812781818181,91.0
116.43869560714289,39.72272999999999,247.25
116.44478166666669,39.72415133333333,0.0
116.43209542857142,39.729291,82.33333333333333
116.4400660040827,39.72039836578885,338.9231686192978
116.43431,39.729331,5.0
116.43850601778531,39.720610724170434,91.61613876319758
116.44066226086959,39.722360782608696,71.95652173913044
116.431971,39.71879818181818,353.8484848484849
116.44166650238097,39.717205011904774,339.55
116.44841919166666,39.71709710208333,95.0
116.43769788235294,39.725582058823534,330.1764705882353
116.44649883333334,39.72440483333333,246.0
116.441015,39.72122375000001,10.375
116.43592513663515,39.72241713464412,231.13514186162269
116.43928027111488,39.72390630912162,292.2331081081081
116.4314216,39.7226048,142.8
116.43761206666666,39.72158361666667,31.566666666666674
116.44356817567109,39.72328538852084,65.1864077669903
116.433491,39.725115,169.5
116.44622055172418,39.72411726436783,262.2413793103448
116.44151503846153,39.72032715384615,20.73076923076923
116.4332098181818,39.72092,88.27272727272727
116.43871,39.722315,69.0
116.45064047058825,39.7241614117647,77.47058823529412
116.43870021818178,39.72001992727272,130.34545454545454
116.43881828952206,39.72381442830881,311.9678308823529
116.44149264348657,39.72050424035472,18.845261697065823
116.42938832258068,39.7213261478495,270.21505376344084
116.43566781250001,39.7222819375,234.4375
116.43404824932904,39.721375401100374,79.5269726247987
116.44081239999996,39.71959256666666,340.1
116.43991978392859,39.72323380357143,302.80357142857144
116.43616399999999,39.722085,198.5
116.4408848147553,39.72330813132933,254.8369704749679
116.43195706349202,39.71930058730158,310.8412698412698
116.43749964583334,39.72596754166667,337.875
116.43229921052632,39.72175947368421,255.73684210526315
116.43544,39.7215714,78.8
116.4350251505791,39.721571710424726,75.45945945945945
116.43935245454543,39.72119984848485,158.78787878787878
116.43379272439024,39.72866287052847,0.12154471544715448
116.43812883749999,39.72187364999999,69.29166666666667
116.44310352056834,39.723490023251166,80.53408187599364
116.43093263636366,39.72914354545453,80.42424242424242
116.43840370440168,39.72379817252721,338.9318239311915
116.4290134016173,39.72132701078172,270.1698113207547
116.43757216234529,39.72313474703689,242.3785528149563
116.43343825,39.72176325,251.0
116.445463,39.728683,128.0
116.43095387500001,39.726850750000004,179.0
116.42974638461536,39.72898606837607,71.17521367521368
116.43863603225812,39.72264996774194,158.75806451612902
116.4391139597379,39.72167927241989,158.72602995232376
116.44669200311708,39.72372643103523,81.11712948567349
116.44451686698869,39.72343048623186,72.56006441223832
116.44035325,39.71957175,58.0
116.44342466873962,39.724102568615265,265.93490878938644
116.43897763287039,39.71952125601854,130.38101851851852
116.44581777777779,39.71782144444445,352.1111111111111
116.44200804426283,39.72185822370156,26.085124684273993
116.43700208860758,39.72669345569619,338.9810126582279
116.43767030000001,39.72461429999999,150.5
116.430436,39.72912333333333,253.16666666666666
116.43431975000001,39.72616175,163.0
116.44177997402596,39.7169090779221,338.97402597402595
116.4393008840909,39.718258565909096,220.025
116.4412738,39.72252279999999,69.53333333333333
116.43721370396666,39.725562145062355,158.7639582044436
116.4353571842105,39.72151113157896,347.6578947368421
116.42977216666667,39.72785625,174.91666666666666
116.433707,39.7209255,80.0
116.44141795472669,39.718042153763875,340.84667379887185
116.45015427040806,39.72447816836736,261.84183673469386
116.43761388344907,39.71974902089122,131.7540702160494
116.44139325,39.7221693,20.7
116.43919550000001,39.7219755,330.0
116.44988199999995,39.72403714285714,81.92857142857143
116.43854889743594,39.720121179487194,129.10256410256412
116.432563,39.728686,126.0
116.44076283606559,39.723972508196724,265.6393442622951
116.44062724621214,39.72142739393939,29.916666666666664
116.433294875,39.720949875,81.625
116.43213614285715,39.717664500000005,352.2142857142857
116.44266983599803,39.71516452931202,339.0580184108527
116.4403193742466,39.718543047671226,146.87136986301368
116.441987,39.721683,10.5
116.433035,39.724213,289.0
116.4390952601972,39.72236891552822,338.828971427322
116.43816447930101,39.72429660030412,338.9622494032927
116.436511,39.721771,91.0
116.43993,39.719801,46.0
116.44533975,39.724282249999995,268.75
116.43714838771308,39.72284265624712,239.18147118958254
116.4334554836066,39.72852192622952,0.06557377049180328
116.43538605882352,39.721413705882355,356.7647058823529
116.44042422222222,39.72286311111112,324.75
116.45022825917418,39.72423152064218,81.82339449541284
116.43027043287674,39.72131196986301,270.0
116.44574866666666,39.7237318,70.06666666666666
116.4368881588898,39.725741449970336,160.8251585349094
116.44105306741572,39.72159315730337,22.808988764044944
116.44130422138926,39.720123450524746,28.421122771947363
116.44003788888888,39.72092961111111,60.05555555555556
116.43439825,39.7221455,70.75
116.43771616993791,39.720210392714144,120.16379189052377
116.44138549999998,39.723787666666674,261.0
116.43950805614975,39.72089570855616,150.29946524064172
116.43845924390241,39.72017192682926,128.0487804878049
116.43219949136187,39.716620030686165,355.33336816440266
116.4295825,39.7283385,0.0
116.437778275,39.72543772499999,330.375
116.433014,39.721893,180.0
116.43203736540526,39.718324927603334,354.0310654857756
116.44888352054794,39.72440075342467,261.027397260274
116.43478004166666,39.72116425000001,94.33333333333333
116.43021529999999,39.7265072,0.0
116.42954234709195,39.726386986866785,326.0
116.44524860869568,39.72401202173913,264.42391304347825
116.4434132407407,39.72388161111112,262.77777777777777
116.43259633333334,39.72181583333333,251.83333333333334
116.43630499018639,39.721173403728066,108.1185307017544
116.43416066666668,39.72921733333333,0.0
116.44965594565208,39.72418456521748,81.73913043478261
116.43500389380297,39.72195576335378,242.14325794958094
116.44042978723407,39.719477680851064,66.36170212765957
116.43064133333331,39.725553999999995,99.16666666666667
116.43094527272727,39.72751822727273,180.0
116.43393959790882,39.7215218156762,258.45269343091377
116.43779841511387,39.72172651719577,50.61521355724255
116.435148,39.721228,37.0
116.4407880306421,39.72038432367999,3.9612768758227297
116.43697852941177,39.72028364705883,130.38235294117646
116.44708614285717,39.724265064935096,265.5064935064935
116.433348,39.724691,207.0
116.43116205813953,39.72802304651165,250.03488372093022
116.4366792,39.727184799999996,330.8
116.4316775,39.720431000000005,181.0
116.4377203396226,39.72059315094339,121.43396226415095
116.4460346608695,39.723650417391305,79.76521739130435
116.44464749259262,39.723456973148146,75.39166666666667
116.42931066666667,39.72786166666666,250.0
116.43811869230768,39.72314453846155,157.69230769230768
116.43402,39.729336,300.0
116.43018296740358,39.728277529809134,75.01209372637943
116.44562771800459,39.72378315435637,81.36900630233963
116.43835604285714,39.72322545844156,158.712987012987
116.43942136170087,39.72173097512255,338.8835446953294
116.43793742857143,39.72316671428572,246.85714285714286
116.44171120564859,39.7221469308938,35.41127600202943
116.44236186330069,39.71583242889205,339.29885206228954
116.44647114583334,39.72192079166666,0.0
116.440815,39.717861,0.0
116.43503213636367,39.721129318181816,90.45454545454545
116.4360105500937,39.72178170626577,71.317395944772
116.43448336363639,39.72220854545455,251.27272727272728
116.43210627272728,39.71755754545455,351.09090909090907
116.43335875862073,39.72110865517242,80.89655172413794
116.43397993333335,39.72870079999999,0.0
116.4352790834351,39.721317905948986,91.18894993894993
116.43524204411744,39.72161712352942,74.2764705882353
116.43576300000002,39.72287384210525,224.77631578947367
116.43259599999999,39.72846533333333,323.0
116.44162586430329,39.72346139628493,257.05816047488827
116.43653256250002,39.727670999999994,330.4375
116.43989996875001,39.723416953125,256.921875
116.43216645454548,39.72700445454546,71.0
116.43889128726926,39.721647309822366,163.99268547544412
116.43815165090706,39.722392324489796,67.83134920634922
116.43724526315792,39.72367089473685,191.21052631578948
116.44062496491227,39.723621473684204,291.3157894736842
116.439741,39.7221805,77.5
116.44376735312494,39.72361324687506,81.096875
116.43805590476192,39.72380466666666,150.42857142857142
116.43636014583333,39.72248441666666,230.625
116.43331203077605,39.721668763247095,259.6594112399643
116.433845,39.729305,192.0
116.43756049999999,39.725229999999996,337.5
116.44302458088234,39.72409752941176,265.9558823529412
116.43105800000001,39.72566474999999,257.0
116.43672035380474,39.726158843405926,160.70455101541472
116.43864002500001,39.72083202500001,229.25
116.4417423939394,39.72139260606061,17.181818181818183
116.44555481070309,39.72360638602612,78.71150506061242
116.44157670641953,39.72368254105745,259.8701816570669
116.436819849138,39.72198563233319,69.50951634572324
116.44079341935488,39.722136064516114,196.58064516129033
116.43618713636361,39.72763862500001,158.5909090909091
116.43744751335956,39.719866880488816,135.47442004971003
116.43875551851855,39.721969148148155,157.62962962962962
116.44248271772511,39.72379487851316,261.8828353997851
116.4323121857639,39.71562792708333,355.16319444444446
116.44015464705883,39.720216823529405,330.3529411764706
116.43932092429793,39.72193069444445,338.9172771672771
116.4306235,39.72389,66.0
116.43306460439565,39.7216324065934,260.46153846153845
116.4484759310945,39.72406569055845,81.80016381236038
116.4339145,39.728540499999994,146.125
116.44009784523809,39.72221616666667,73.27380952380952
116.44180755485613,39.71715091247002,340.8713600548133
116.44080785185186,39.721997814814806,93.62962962962963
116.43737834856489,39.723516828128595,257.60264064293915
116.43747536842106,39.72350678947368,250.3684210526316
116.43997891999999,39.72368522,267.64
116.43356066129033,39.728505419354825,0.1935483870967742
116.43378902439026,39.72852382926828,0.36585365853658536
116.43419330133732,39.72121233390855,82.01337359792925
116.4375526842105,39.725554947368416,330.10526315789474
116.43626271428569,39.72152478571429,179.07142857142858
116.42973379999998,39.7279946,184.0
116.43828429032256,39.72284238709677,156.8709677419355
116.43667062499999,39.7233494375,241.0
116.44694347506575,39.723917215223125,81.55905511811024
116.43065683576998,39.72911459454191,82.364522417154
116.43699985383522,39.7255180084723,160.69215096677783
116.43828430303029,39.722436824140274,67.97071842015663
116.43275122222222,39.72888222222221,79.33333333333333
116.43278197478992,39.72111143697478,86.09243697478992
116.44156505555556,39.71640730555555,150.27777777777777
116.43448132926835,39.72131434146341,83.7439024390244
116.445706,39.718381,71.0
116.43321616527751,39.72147316250237,260.85697612089984
116.43211452631579,39.71730121052632,355.8421052631579
116.44243246153844,39.715699923076926,330.2307692307692
116.43166052941176,39.72162511764706,21.41176470588235
116.44482842605635,39.7234433021767,76.9004481434059
116.4390445,39.7220129,78.1
116.44151443999998,39.716774400000006,150.24
116.44694184364876,39.72376834965846,81.50438109912686
116.44637721167888,39.72369658394164,80.35766423357664
116.430741,39.720951,106.0
116.4370193300474,39.72225592880615,248.33643665571375
116.44278433333332,39.71505163636364,339.24242424242425
116.43523485232845,39.72207074877451,240.06127450980392
116.43151294998086,39.72108729981956,89.71161386585239
116.43970285084032,39.72053391596639,158.7405462184874
116.44378695714288,39.72410921428571,266.12857142857143
116.44156566666665,39.720166,28.0
116.43189764285714,39.720825285714284,37.5
116.44731048529411,39.72424886764706,261.6470588235294
116.44051326666666,39.7236472,287.24444444444447
116.43786831172355,39.72489835793754,338.957441892964
116.44741279259252,39.723968224691305,81.89876543209877
116.44480654878048,39.723997073170736,264.7439024390244
116.4308626,39.7241508,165.6
116.43088946552395,39.72133535965657,268.81871099722616
116.43308359999999,39.72093220000001,82.4
116.43323,39.724756,269.0
116.43107518623484,39.72133359919031,268.37651821862346
116.43916469230768,39.723564961538465,251.92307692307693
116.4422631781988,39.715281129204094,158.71507144245643
116.43143085937497,39.721475531250015,261.0
116.43338366666667,39.725133666666665,12.0
116.45029885714287,39.72404185714286,89.57142857142857
116.44075681481482,39.7222403888889,352.14814814814815
116.44843211283785,39.723912262162166,81.6858108108108
116.42948099999998,39.727842599999995,258.2
116.43339,39.724786,25.0
116.43060377777776,39.72527766666667,165.88888888888889
116.4406742,39.72153529999999,23.766666666666666
116.43765818749999,39.72498906250001,0.0
116.43887839130436,39.71832552173914,220.0
116.44719180582523,39.72424380582525,265.11650485436894
116.44356685106382,39.72388894680853,263.09574468085106
116.43423183333334,39.726110166666665,163.0
116.43646433118973,39.7220625755627,249.32797427652733
116.43824005496458,39.72034035904255,126.03014184397163
116.43972702564098,39.720806820512834,69.92307692307692
116.44001261290322,39.723429177419334,257.0806451612903
116.44035692739901,39.71984985542929,338.8011363636364
116.44008756106514,39.72311265699923,251.75502702772354
116.43756336735292,39.723529073823514,257.58764705882356
116.436585,39.72253,241.0
116.43666437045455,39.722447564610405,215.67012987012987
116.43628877852998,39.72824768385988,339.4653986675263
116.43101666666666,39.72386766666667,0.0
116.43347239999999,39.72092440000001,268.0
116.43802511764704,39.724555588235305,338.79411764705884
116.44950081841594,39.724445516957644,261.72018195197006
116.44017574775626,39.719530508974955,158.79381199811053
116.43410232222223,39.72169405555557,251.6
116.43348975,39.728004,0.0
116.4318,39.721683,95.0
116.433233,39.727536,189.0
116.44569945360824,39.724058288659805,264.5670103092784
116.43123757840307,39.72916602164502,251.280303030303
116.43091925196835,39.72117949606296,89.92913385826772
116.42924494081633,39.72148724285714,270.8163265306123
116.44288999999999,39.7226758148148,40.851851851851855
116.43196083333333,39.719179125,352.1666666666667
116.43715593080012,39.72510813671671,160.9989222177199
116.44031084615386,39.71999815384616,330.38461538461536
116.4492075,39.718046,351.0
116.44042739999999,39.71818333333333,140.2
116.43230872,39.715417559999985,354.84
116.42969436842105,39.72900500000001,0.05263157894736842
116.44465100000001,39.718526,80.66666666666667
116.43065256216202,39.72115147957786,90.64747410592143
116.43905072727271,39.72398181818181,299.0
116.44068433333337,39.718075866666666,151.3111111111111
116.43575531570461,39.728429598049544,159.4073390814266
116.432219125,39.7161325,176.875
116.43819485714286,39.724774357142856,331.0
116.434005275,39.72894345833333,0.075
116.43638988596493,39.7213152017544,166.49122807017545
116.43876153146853,39.724165872377625,309.0909090909091
116.43748470732757,39.72220856206896,60.19094827586207
116.4337185,39.728866,141.0
116.43577180769233,39.72221838461539,238.80769230769232
116.4322848,39.715198400000006,350.6
116.44251062854033,39.722915144880176,64.80501089324619
116.44351833333333,39.718445833333334,266.1666666666667
116.43636022322369,39.72145088976266,172.22726786236103
116.44022490656567,39.720078818181825,338.8468013468014
116.42888,39.727801,244.0
116.43051213690478,39.72749775892858,180.0
116.45057709649126,39.724271826754354,81.8157894736842
116.43682541379314,39.7259007413793,160.91379310344828
116.43613199999997,39.72773749999997,158.6413043478261
116.4370933076923,39.72341315384616,201.23076923076923
116.44668818260732,39.72425113161848,266.18784469809106
116.4316629918033,39.72106986065573,89.70491803278688
116.44238354639175,39.72271699999999,48.11340206185567
116.4289566086957,39.721454130434786,260.39130434782606
116.43728250000001,39.725117499999996,0.0
116.42892057142856,39.72373457142857,143.0
116.431111,39.720966,80.0
116.44052251685389,39.723945696629215,264.17977528089887
116.45075388670004,39.7242915022034,81.82044332804512
116.43766267499998,39.725699675,338.05
116.4457055,39.718481499999996,174.5
116.44444655882353,39.72413064705882,260.5882352941176
116.43290295999998,39.72820692,0.36
116.43992705226039,39.72003507526066,158.84638188608776
116.4358427308184,39.728257621270245,159.5641517476556
116.43222945679017,39.72109246296296,87.81481481481481
116.44392258333336,39.72405304166666,260.9166666666667
116.44034549999999,39.721088916666666,45.083333333333336
116.44198527197905,39.71579928507295,158.67096894874672
116.43184892871588,39.72043688102461,354.7391304347826
116.44060524711975,39.719572839790956,60.85288294735016
116.44082910714287,39.723612714285714,259.0
116.43490657142857,39.721328928571424,80.35714285714286
116.447784,39.7187895,89.0
116.44084871266857,39.71769912146518,152.35075003211648
116.43720081818182,39.72542718181818,150.45454545454547
116.43035649999999,39.726040375,165.375
116.44566,39.728765,11.0
116.42947916666667,39.728788166666675,170.16666666666666
116.44411814634144,39.72394720731708,264.2926829268293
116.43894587336666,39.7184325906688,297.0
116.4453863618773,39.72394522208054,261.6061578318055
116.44634149999999,39.72191685714286,0.0
116.433215,39.728155,276.0
116.4359155483871,39.729062387096775,345.03225806451616
116.44250844444446,39.722313888888884,30.444444444444443
116.430388625,39.725529875,0.0
116.43175400000001,39.72152130864199,264.5925925925926
116.44095560465117,39.7174972173402,154.85131528783836
116.44228654537362,39.72219485021159,33.730124594206345
116.44089468181818,39.722416272727266,71.0
116.43228339583334,39.71548652083333,175.02083333333331
116.43235356984125,39.71507692698413,354.57380952380953
116.43115675,39.72926875,72.25
116.43695880555555,39.72325030555555,210.08333333333331
116.42988203703705,39.721359370370365,260.18518518518516
116.43838156249997,39.720749812499996,250.5625
116.43101225000001,39.72415147580645,348.26612903225805
116.44980008310245,39.72433498891969,262.8005540166205
116.43802069316258,39.723934557231374,158.7392196316283
116.4448282845745,39.72384451861705,261.75
116.43743436176469,39.72453384705882,160.64044117647057
116.43456938970589,39.72161401102941,255.91176470588235
116.43794491578949,39.724135614473674,158.38157894736844
116.43068833333335,39.725149666666674,180.0
116.44222780363634,39.72341199272726,77.64727272727272
116.44013271864407,39.72297929152537,71.2
116.43178833333334,39.72051283333333,177.33333333333334
116.43828245,39.72408614999999,330.3
116.438311,39.720624699999995,95.9
116.44051603461023,39.72352088272851,257.875
116.44117551999999,39.71751697333334,158.89333333333335
116.43189329999997,39.72168786666667,255.96666666666667
116.43545414285711,39.72900882857142,150.34285714285716
116.44061163636363,39.71923977272728,330.4318181818182
116.44148441025645,39.72243376923077,10.692307692307692
116.42941300000001,39.7290005625,339.5
116.43811,39.720668,281.5
116.44341289843753,39.72323161718751,63.0390625
116.43009413461539,39.726901894230764,345.88461538461536
116.4321135,39.718568,167.5
116.4456685,39.718601500000005,275.5
116.4447515,39.7176555,151.0
116.43168785714285,39.723597,180.0
116.4304140909091,39.72805654545454,180.0
116.44926012048191,39.72396687951808,82.5421686746988
116.44920556658832,39.72411898194987,81.76289753507285
116.43719703716113,39.72559022453031,158.77893525986235
116.43833982857142,39.720258228571424,127.08571428571429
116.42872,39.72379,92.0
116.43073402777779,39.725092978632475,345.41666666666663
116.43738993902436,39.72518402439024,158.8048780487805
116.43392845454547,39.72911390909091,0.0
116.44793767100963,39.72397610749184,81.78501628664495
116.43036452238803,39.721470701492535,268.7313432835821
116.44128456861876,39.717912999001825,338.8207953121447
116.43274033333334,39.728556222222224,0.3333333333333333
116.42885327692022,39.72116000114544,90.41021286833775
116.43381832565598,39.72131494367622,81.36018638041533
116.433583,39.72763475,165.5
116.44165179626506,39.72401193409639,266.0860240963856
116.4363495200001,39.720729983999995,122.912
116.44153798198192,39.723422720720706,250.27027027027026
116.444765,39.72687,8.0
116.44018164522059,39.72101142830881,50.02205882352941
116.44163395356125,39.72103404444445,12.326970560303893
116.43510173333328,39.722320100000005,224.8
116.43186969719754,39.72118654623408,87.49111278829639
116.43951702941179,39.720754205882365,70.61764705882354
116.4352744,39.721511400000004,160.6
116.43667130692995,39.72747600159672,338.46314262358413
116.45015253198923,39.7240768483103,81.98125960061444
116.43837533333333,39.723409,263.6666666666667
116.43914050000001,39.723961624999994,290.125
116.43692940963425,39.72615258546497,158.76559885249821
116.44190915503876,39.72370430961241,260.1956589147287
116.43037207558149,39.72131485755816,269.99418604651163
116.429865,39.727673749999994,169.5
116.43028140000001,39.7264556,184.0
116.44416152941174,39.724105411764704,260.5882352941176
116.42989630769232,39.727743999999994,354.0769230769231
116.434563,39.720885,281.0
116.43932984444443,39.719533,136.13333333333333
116.44363929563167,39.72372825076092,261.3925580940506
116.43977723728815,39.719110559322054,140.3728813559322
116.43830887096775,39.721895935483865,74.90322580645162
116.43471495066888,39.72206463461539,233.05668896321072
116.43019899999999,39.728074199999995,180.0
116.440935,39.7183,251.0
116.43052790697676,39.729092558139534,260.4186046511628
116.43661216673348,39.72211215694338,248.95323777064957
116.43001199999999,39.728216833333335,278.1666666666667
116.43049268085107,39.72138799999997,260.36170212765956
116.43555573998971,39.721046174021424,108.92399040851969
116.42980159999999,39.72773159999999,0.0
116.4333695,39.728627249999995,179.5
116.43085126213585,39.721071495145615,91.7378640776699
116.43491328571427,39.72211385714286,221.14285714285714
116.44845307410989,39.72436389725232,261.84868421052636
116.43688871314771,39.72263047395785,227.8776788966953
116.44096585918595,39.717945311287274,158.70438190725085
116.43203066666666,39.72080566666667,0.0
116.44156081523568,39.7173037790404,330.3223905723906
116.4457231766513,39.72360025496966,79.41625528240405
116.44509106504061,39.72352328455282,77.85365853658537
116.44144938461537,39.71761223076923,330.3076923076923
116.43745467346939,39.72610802040816,337.55102040816325
116.43752031862485,39.722383265519696,247.9586576648813
116.43102,39.71746,326.0
116.43852570967742,39.72435258064516,317.1290322580645
116.44227533333333,39.72285399999999,61.666666666666664
116.43742972000003,39.725089813333334,158.8
116.44388649732612,39.72375484491978,261.6363636363636
116.44103681818181,39.72377054545455,264.6363636363636
116.43195866666669,39.71899744444444,171.77777777777777
116.42974416666668,39.72822016666667,340.1666666666667
116.4342255,39.7263355,328.0
116.43715932336386,39.72230105496129,248.1039057002111
116.43275799999999,39.729290666666664,84.66666666666667
116.42895730612247,39.72385020408164,6.8979591836734695
116.44105816918686,39.7173586750672,156.49899193548387
116.44235976190475,39.72286076190476,65.52380952380952
116.4406276630689,39.72324118572068,252.29667039106144
116.43807158000003,39.72486850000001,337.38
116.44161532203381,39.71747660169489,340.228813559322
116.44072800000001,39.72079144444444,0.2222222222222222
116.43720617647057,39.723429882352946,250.41176470588235
116.43410127272726,39.726334,90.0
116.432993,39.7289725,261.0
116.43161249411772,39.72119072941175,80.28235294117647
116.431675,39.724081,266.0
116.43881751020409,39.718386204081625,297.0
116.4420320105263,39.724020241228075,260.62631578947367
116.44069055599981,39.72311819200001,71.94
116.445815,39.718211,8.0
116.432103,39.716425,351.5
116.44212518181817,39.723837727272716,264.0
116.43837633333334,39.72433533333333,314.0
116.44283751351348,39.7234955250965,79.61003861003861
116.43139371801347,39.723822388888884,0.0
116.44296336363635,39.72275981818182,40.81818181818182
116.437343,39.724897999999996,0.0
116.44601293939392,39.724159363636375,260.6363636363636
116.43835461853976,39.72310764971287,252.8480311730927
116.44171831350809,39.71743365423387,340.81048387096774
116.4458296072309,39.723811484714304,81.72406822732174
116.43436166666667,39.72514733333333,348.0
116.43188466144659,39.72137088365843,265.8664353588397
116.43381833333332,39.72859533333333,350.6666666666667
116.44022596,39.71866953999999,146.0
116.43270150000001,39.7281115,80.5
116.43880366666666,39.721866363636366,159.03030303030303
116.43197728846161,39.719060942307706,348.84615384615387
116.43296400000001,39.72163266666667,250.33333333333334
116.43892390909095,39.72149221212122,170.3939393939394
116.44129288235297,39.7199899117647,34.1764705882353
116.429551,39.726531,220.0
116.43203904040408,39.72105771717172,89.53535353535354
116.44825188285908,39.72434482251957,262.24465858228723
116.43602067741934,39.72903270967741,346.241935483871
116.4323314,39.728065199999996,83.8
116.440981,39.718178,163.0
116.4417779157895,39.72346807368428,256.87719298245617
116.44075349253733,39.71835398507463,158.65671641791045
116.43601212956926,39.72090736047732,116.97527146938438
116.433836,39.728381,114.0
116.431756,39.72807,255.0
116.43619845406059,39.72838894351516,341.22496969696965
116.43943159714951,39.71928974127398,85.38845258871436
116.4321549930533,39.721219853430526,80.49048027444255
116.44130650691488,39.71682712943418,157.5625577316364
116.4316121,39.7225617,81.9
116.44147847550033,39.71688578951,158.6849551414769
116.43484,39.7222,180.0
116.44167022580639,39.71639777419355,150.2258064516129
116.428854030303,39.72380454545455,279.0
116.44141482999997,39.72298972749999,338.6875
116.4378259622642,39.72053907547168,121.71698113207547
116.430828,39.723981,138.0
116.4407279859155,39.723551380281684,258.1267605633803
116.4320522181818,39.721472990909106,264.46363636363634
116.44405042741943,39.72328906451613,66.63709677419355
116.430179875,39.726705,0.0
116.44077997546007,39.720221625766854,27.938650306748468
116.43204783333333,39.720917,80.83333333333333
116.45003615384606,39.7243588221154,263.52884615384613
116.44021670000002,39.723471,250.4
116.440162,39.71876541666666,145.20833333333334
116.43360500000001,39.728309499999995,159.625
116.44457449999999,39.726625,60.0
116.43585666666667,39.728459,151.0
116.4382803846154,39.72462284615385,326.84615384615387
116.433156,39.724825,55.0
116.44557845230258,39.723942678390685,261.88550101214577
116.43183437931035,39.720575103448276,355.82758620689657
116.43213753203328,39.72134291643455,265.16991643454037
116.44676846271248,39.72388924575077,81.47021954674221
116.43133850594157,39.72133034773602,267.6635045770886
116.43195926923076,39.71952053846154,352.5
116.43190261538462,39.729272461538464,88.46153846153847
116.44071783333331,39.71842191666667,16.0
116.4317915,39.720642,174.125
116.43207269230773,39.71809515384617,355.05128205128204
116.43645522727272,39.727098742424246,158.72727272727272
116.43398049999999,39.729260499999995,2.5
116.43241925,39.72181625,250.5
116.43025333333333,39.72921733333334,60.0
116.43943126562498,39.723830015625005,259.40625
116.43531399999999,39.72117092857143,28.571428571428573
116.44673921640648,39.72406307459503,262.7723711673575
116.43752995,39.72101884999999,331.825
116.43216985714288,39.71695754285714,355.2
116.45048597560977,39.72408944512197,82.04268292682927
116.43333077777778,39.72901994444443,180.27777777777777
116.439167175,39.722174525,338.825
116.44191598611113,39.724021875,265.9861111111111
116.44176350000001,39.722645812500005,67.8125
116.43954724999999,39.71937683333333,130.0
116.438528,39.720182333333334,120.16666666666667
116.43977262499997,39.723285149999995,299.675
116.44081479545456,39.723543409090915,300.45454545454544
116.43620430864193,39.72734118518518,160.54320987654322
116.44517325000001,39.723116624999996,352.5
116.43706666666667,39.72282033333334,245.66666666666666
116.43469533333332,39.722221,269.6666666666667
116.433261,39.728278,66.0
116.44213509523809,39.71529242857143,150.23809523809524
116.43740409999998,39.72586941413044,338.81920289855077
116.437611,39.7209894,326.6666666666667
116.44149296666669,39.7225273,7.133333333333334
116.43598717859072,39.72194589314512,250.413046872782
116.444001,39.723573,62.0
116.43430610358145,39.721154762991574,85.70330056179776
116.43996568181818,39.720882499999995,65.77272727272727
116.45075033631811,39.724433499217604,261.9249370569713
116.44470483749998,39.72356846249999,77.225
116.43778988235294,39.72551952941176,338.94117647058823
116.43863051515152,39.7237037878788,258.3484848484849
116.4295169,39.7288723,352.6
116.43385257142857,39.72919714285714,0.0
116.441661,39.716025200000004,0.0
116.43593764705881,39.72228367647058,237.05882352941177
116.43518955115115,39.721762676728694,252.5715810445175
116.432255,39.715765875,176.0
116.43145627777777,39.72060527777778,92.0
116.42960106060606,39.72894866666666,79.03030303030303
116.431615,39.7257,175.0
116.43201009090907,39.72171795454545,254.45454545454547
116.42980744444445,39.727950666666665,341.8888888888889
116.4384960625,39.7241359375,328.578125
116.43132684375,39.72000146875,0.0
116.44556021428566,39.72876936309525,0.0
116.43203949999999,39.729307375,60.625
116.43464715492954,39.72165171830987,250.3661971830986
116.44238619999999,39.715562000000006,330.6
116.43910505217397,39.7226976391304,68.55217391304348
116.44088749999997,39.72122228260869,16.934782608695652
116.44518055900619,39.723752431677,82.23291925465838
116.42872935944695,39.721081157258055,90.32834101382488
116.43159200033736,39.72370073954117,0.0
116.42993233333334,39.7273585,0.0
116.432346,39.729171,159.0
116.430895,39.728065,300.0
116.43916837837841,39.719404459459454,131.56756756756758
116.44069181304619,39.72045602153557,2.652985851019559
116.43492025,39.72094116666666,255.33333333333334
116.42833687499999,39.727766499999994,86.5
116.43267585714285,39.72846071428571,339.42857142857144
116.43877446875003,39.72373201562499,258.171875
116.43728109090907,39.72644179545454,337.72727272727275
116.43675238888892,39.723336666666654,249.11111111111111
116.43644180327871,39.72121027868852,162.3360655737705
116.43647242857143,39.722802571428566,225.0952380952381
116.43010199999998,39.72818711111111,39.888888888888886
116.438203675,39.72460710000001,337.425
116.43264974999997,39.72091804999999,88.2
116.43715079284955,39.72012962042628,138.9151110882437
116.43135266666667,39.72399922222222,80.22222222222223
116.43377496206898,39.72150423103445,258.94827586206895
116.43288792074631,39.721395096809744,261.70815298507466
116.44028342763156,39.718384243421056,141.32236842105263
116.43659185555552,39.72768334444444,338.4222222222222
116.43363338028168,39.72158509154929,258.3521126760563
116.43005625,39.72907170833333,264.1666666666667
116.43601662355358,39.72788133498834,159.51845292798743
116.433815,39.72205,0.0
116.4323423260275,39.721227282191734,85.1013698630137
116.43282649999999,39.72899883333333,0.0
116.4348755,39.721835999999996,255.5
116.43761986324789,39.72296171794872,251.2905982905983
116.43241561242533,39.72139515600076,262.67777884800614
116.43374981127451,39.72721710539216,188.0
116.43738989795915,39.72218309795917,68.3265306122449
116.42911639583336,39.72147008333332,269.4791666666667
116.43566628571429,39.72131228571428,90.28571428571429
116.43035818181816,39.72624081818182,346.27272727272725
116.44589244444442,39.72191783333333,0.0
116.44128155172415,39.72194510344829,25.0
116.43178633333332,39.723888333333335,0.0
116.44143528571428,39.722870428571426,341.0
116.43318377777776,39.725040222222226,0.0
116.4418634375,39.7227044375,67.25
116.44437314285713,39.72418428571428,266.42857142857144
116.4336504285714,39.728530785714284,160.92857142857142
116.42914736134449,39.72132722689082,270.3109243697479
116.43186535555552,39.72030342222224,355.53333333333336
116.4316515,39.727957,0.0
116.43683924313726,39.72630604518717,158.8788770053476
116.4432883524805,39.723681036553565,260.8668407310705
116.43988345795412,39.71929895376774,76.13778667637422
116.4416,39.71678,339.0
116.44070853061227,39.72063336734694,5.387755102040816
116.4293624857143,39.729206000000005,168.45714285714286
116.43819180000004,39.72352536,150.28
116.434295,39.729226,56.0
116.432508125,39.7218013125,254.875
116.429551,39.728015,100.0
116.45052099999998,39.72413844444444,75.22222222222223
116.4420326593407,39.72245584615384,42.24175824175824
116.434195,39.729056,147.0
116.43032459999999,39.727996,179.6
116.45024895105203,39.724373971946584,262.0024358599611
116.43180149999999,39.72072333333333,180.75
116.43649170833332,39.72259470833334,234.41666666666666
116.430021,39.726595,339.0
116.432558,39.728576,0.0
116.43238092857146,39.72108566666665,80.78571428571429
116.42984,39.729126,337.0
116.42996649999999,39.727469000000006,344.64285714285717
116.431185,39.724072500000005,178.5
116.430447,39.72793766666667,251.66666666666666
116.43479409818181,39.72152700363638,76.30909090909091
116.43040100000002,39.726149,341.75
116.4313204,39.721090600000004,98.4
116.43625800000001,39.72109375,162.25
116.44214735000003,39.715481249999996,150.5
116.44239783636363,39.71565509090911,339.0
116.43978869741703,39.72289360516609,70.32841328413284
116.431,39.724416,335.0
116.43736331346804,39.7240084983165,186.8649831649832
116.43207642857143,39.726925,298.0
116.43790809475867,39.72521697140104,338.387126089432
116.434267,39.725699,141.0
116.43342223076924,39.72886323076922,159.30769230769232
116.431641,39.72054,76.0
116.435187,39.722384999999996,0.0
116.431447,39.724758800000004,357.0
116.44499901203635,39.72386391095023,262.0038744918699
116.44475480730893,39.72371868106312,81.99003322259136
116.435593625,39.721360000000004,96.375
116.441915,39.7215,34.0
116.44866534424018,39.72405731764704,81.71789215686275
116.431293,39.719958,275.0
116.43393369230769,39.72879515384615,0.0
116.43655755734264,39.72333770909091,246.12307692307692
116.43213222222224,39.717447500000006,351.77777777777777
116.42972002823477,39.72117447043188,90.48318534851914
116.44605930952383,39.72421629761904,266.10714285714283
116.43044776785494,39.72116895800062,90.53206588081612
116.43192,39.720151,166.0
116.44208358695651,39.72374411956523,260.4347826086956
116.44309547368421,39.72292763157893,53.078947368421055
116.43630992079201,39.721868924092384,70.58085808580859
116.435783,39.72110371428572,111.28571428571429
116.43642468888892,39.72785945555557,339.15555555555557
116.44646159693134,39.72384480186766,81.33527528676197
116.431951,39.7176,275.0
116.44726289135794,39.72394423209876,81.81481481481481
116.44541501269855,39.72376837142859,82.00634920634921
116.4368678125,39.7204805625,136.8125
116.42936184285715,39.72147347142857,269.45714285714286
116.43193067521369,39.72152549572651,263.8034188034188
116.43351924999999,39.729027,248.25
116.43367925,39.721995750000005,75.75
116.4378876470588,39.720786000000004,296.29411764705884
116.43665476512459,39.72196192882561,69.68683274021352
116.43741332000002,39.7207447,119.72
116.440877286432,39.7193664181895,342.82470014607577
116.44953491666668,39.717792083333336,71.0
116.43101825,39.7280095,0.0
116.430537,39.72531633333333,0.0
116.434297208,39.72157825600001,257.08
116.43595968749999,39.72893512499999,345.9375
116.43006277777778,39.727013777777785,166.88888888888889
116.44033232142861,39.723489750000006,257.7857142857143
116.4431170011422,39.72282659194747,51.01970302684181
116.44572346239546,39.72394266852362,262.49025069637884
116.430383,39.725688,0.0
116.43011700000001,39.72392266666667,80.0
116.42933788888894,39.72927523809524,165.28571428571428
116.43129719512987,39.72150731136363,266.6097402597403
116.43657324999995,39.72647176470588,160.7058823529412
116.43520099999999,39.72103657142858,45.857142857142854
116.43867827204491,39.723195093026,254.93410165484633
116.44803928965511,39.72390155862069,81.56551724137931
116.448145,39.715538333333335,267.0
116.43637131250001,39.721586375,178.21875
116.43912381111112,39.723784488888896,258.43333333333334
116.44075805000004,39.7195521,64.05
116.43173425806454,39.723820967741936,247.0
116.43178619999999,39.720849,213.6
116.44656171266921,39.72401932985866,262.16204235252354
116.44650822321422,39.72370405357144,80.625
116.43327506647395,39.728674312138764,1.060693641618497
116.44118958024693,39.71725888888889,158.17283950617283
116.43955191304349,39.72145765217392,330.39130434782606
116.43131033333333,39.71744,286.0
116.4324,39.728111,259.0
116.44184579047615,39.715893447619074,157.53333333333333
116.44759358955217,39.72382077611941,81.76119402985074
116.44216119047617,39.71634986666666,340.26666666666665
116.44233669620247,39.723553202531654,250.30379746835442
116.44159264285713,39.716323785714295,157.34285714285716
116.44476,39.7267,60.0
116.43147259574457,39.721182946808476,80.38297872340425
116.43400642857144,39.726385857142866,327.85714285714283
116.43743640000002,39.7224659,249.2
116.43614246666667,39.7212157,100.8
116.44154079074075,39.720644989814815,15.830555555555556
116.4342975,39.7209535,82.5
116.4410088149923,39.718489751982744,338.87660434629265
116.43892299999999,39.7224325,68.0
116.45057,39.724006,103.0
116.447831,39.724231,197.0
116.43484624999999,39.72230125,228.75
116.44150825925927,39.71741692592592,338.8888888888889
116.43875833333335,39.72242673333333,150.26666666666668
116.43665347368422,39.727595684210534,330.57894736842104
116.434,39.728556,201.0
116.42999559452379,39.72147571190476,268.99928571428575
116.43979490000004,39.72340050000001,250.3
116.4318330526316,39.72021452631579,176.42105263157896
116.44056662162163,39.71934045945946,338.86486486486484
116.43210693877552,39.71778597959183,355.7142857142857
116.43015728571429,39.72774471428572,180.0
116.43722159999997,39.7208965,111.3
116.43886911538462,39.72349621794872,252.19230769230768
116.43707174157308,39.72656060674158,338.92134831460675
116.43453033333333,39.72210066666666,231.0
116.44832201891239,39.72404897872337,81.85342789598108
116.43730533333333,39.7238124,191.9
116.4500061756757,39.72405264864867,81.94594594594595
116.43214004289217,39.720910589460786,89.96323529411765
116.43191325000001,39.71987075,168.25
116.44144989473685,39.722320052631574,10.68421052631579
116.4325295,39.7281525,0.0
116.4389955,39.7212505,181.0
116.43328635632183,39.729169919540226,8.505747126436782
116.430083,39.727808,1.0
116.43105706578947,39.72762199707603,180.0
116.43804025,39.720752250000004,281.8
116.44083314285714,39.72218971428571,103.0
116.43077009999999,39.7248637,165.3
116.42999125,39.727764500000006,180.0
116.44228922222221,39.722668666666664,40.611111111111114
116.43208,39.718971,181.0
116.429905,39.72819,81.0
116.43274066666667,39.72870783333334,0.0
116.42878875,39.723841050000004,171.0
116.43772292307692,39.724817692307695,0.0
116.43037239999998,39.726595,46.8
116.43371757777778,39.728750377777764,0.1111111111111111
116.44151103125,39.72400535937502,266.0
116.43738075000005,39.7262304375,330.4375
116.43352153333333,39.72141840000001,250.33333333333334
116.43541361935488,39.72915507096774,158.83870967741936
116.43404623076925,39.72621461538461,328.0769230769231
116.43762672727271,39.72074045454545,109.45454545454545
116.4340455,39.729246,194.0
116.44129525961534,39.72165566346155,26.701923076923077
116.43383299999999,39.7290485,336.0
116.43769619047619,39.72531685714286,330.4761904761905
116.43159499999999,39.721973000000006,340.0
116.44245303321031,39.723575265682605,258.93357933579335
116.43415699999998,39.721389333333335,250.33333333333334
116.43070493464045,39.72130295751634,269.4281045751634
116.43544032463768,39.72208813623189,241.24347826086955
116.44069579310344,39.72022905172414,227.6206896551724
116.44150879069765,39.72264809302325,200.2093023255814
116.4409206,39.723721,260.8
116.42941312500001,39.727849625000005,84.125
116.43205460655737,39.72154299999998,261.344262295082
116.44512369999998,39.7233586,352.04285714285714
116.43095659999999,39.7242641,35.7
116.43406499999999,39.726032,159.5
116.43727717520441,39.72604833125652,339.04744869328204
116.43060311111111,39.726673777777776,54.0
116.445666,39.718725,350.0
116.44531287261134,39.723759716560515,82.01592356687898
116.43182,39.72094633333334,158.66666666666666
116.438263,39.720783,90.0
116.445205,39.723298,171.0
116.43328033333334,39.72892277777778,194.44444444444446
116.438255,39.723801,0.0
116.445791,39.718645,96.0
116.44017699082568,39.718521045871555,144.0183486238532
116.43677980000008,39.72711369090908,339.0181818181818
116.44056692307693,39.71801823076923,140.30769230769232
116.4410620625,39.717764906250004,158.6875
116.43969829411766,39.723389509803916,256.84313725490193
116.43296227272727,39.72443281818182,341.90909090909093
116.4340768701923,39.720937831730765,87.96875
116.43853017647058,39.720779529411764,240.52941176470588
116.42977931578946,39.728088052631584,348.1578947368421
116.44353,39.723386,266.0
116.43159,39.721505,180.0
116.428498,39.723821,88.0
116.4493913527433,39.723981725025894,81.89001035196688
116.44525616666661,39.72388040123459,261.79938271604937
116.44071028571429,39.71919342857143,330.57142857142856
116.432226,39.729317,198.0
116.434096,39.729008,126.0
116.43168133333334,39.723819203703705,0.0
116.43993211111112,39.723777000000005,276.8888888888889
116.44088388888889,39.721289444444444,10.555555555555555
116.43525456521738,39.72241354347826,220.69565217391303
116.44514941489362,39.723611702127656,79.44680851063829
116.43785995588236,39.724229558823524,158.69117647058823
116.44168726666663,39.71710086666666,330.3333333333333
116.43185854999999,39.71986925,175.85
116.43854971080135,39.72270413240417,249.31358885017423
116.43291,39.72932866666667,81.33333333333333
116.43282536842105,39.72822442105263,102.0
116.44057033333334,39.71939993333333,330.26666666666665
116.43157,39.72235747058824,0.0
116.431847,39.72598775,0.0
116.43191981818181,39.72920863636363,249.9090909090909
116.44302019999999,39.72306725454547,58.0
116.43639095238095,39.727194,150.33333333333334
116.43713310638299,39.726705319148934,337.5744680851064
116.437526,39.725435,43.0
116.43692724999994,39.7220445147059,60.26470588235294
116.432455,39.720923,267.5
116.44070368518521,39.71947568518519,0.0
116.43172586516853,39.729289393258426,0.0
116.44593812541805,39.72361107123745,79.54247491638796
116.43034372330949,39.72908259367879,79.87310051173874
116.433280125,39.729046249999996,292.375
116.44161772402893,39.71758625056458,340.8449638663053
116.43796205652455,39.72301669573643,252.6185400516796
116.4421830555556,39.715199033333356,157.27777777777777
116.44609933333334,39.72668866666667,249.0
116.43779237987015,39.72438877857144,158.7409090909091
116.43312599999999,39.729262500000004,50.0
116.44078452777778,39.72193516666667,6.305555555555555
116.4401536739131,39.723474152173914,257.2826086956522
116.43199352777772,39.71890997222221,335.94444444444446
116.43945753333331,39.7220822,75.86666666666666
116.43894140909087,39.72372618181817,250.63636363636363
116.43773225806451,39.72086441935483,308.03225806451616
116.43988553125006,39.720764765624985,338.828125
116.44294228308816,39.723509051470536,79.81985294117646
116.4364579217301,39.72066185976975,126.13671250399744
116.43352774358974,39.72893051282051,0.0
116.43103574999999,39.72685858333333,0.0
116.43353300000001,39.7219914117647,255.8235294117647
116.43443176094274,39.721592599326605,256.4276094276094
116.433583,39.724938,136.0
116.43460628678929,39.72201757859532,231.0752508361204
116.42840022222221,39.72775511111111,81.11111111111111
116.44211022222223,39.71539050427349,157.36752136752136
116.43152299999998,39.725737,265.0
116.43855628769838,39.7223707579365,157.19444444444446
116.43651238245613,39.72778906090225,338.53182957393483
116.43096096954308,39.721087771573586,90.95431472081218
116.43219649891775,39.71681491829004,355.228354978355
116.42877016666665,39.72779161111111,262.6111111111111
116.43779568181817,39.72069936363636,106.54545454545455
116.4458,39.718511,41.0
116.43159497126436,39.729268825670495,72.65325670498083
116.43578485365853,39.72234714634148,232.97560975609755
116.44092500000001,39.72143033333334,11.0
116.42938963333337,39.729296299999994,345.93333333333334
116.43877920689653,39.72301862068965,339.0344827586207
116.44121657142857,39.721918714285714,20.428571428571427
116.43487225,39.721455999999996,70.25
116.44085272972976,39.720596513513506,7.918918918918919
116.433151,39.7219,242.0
116.42991677777779,39.727533333333334,163.33333333333334
116.43120378125,39.72108760715652,90.2631679389313
116.4417832034632,39.71628469588744,158.91017316017314
116.43329383333332,39.721943583333335,256.0833333333333
116.43694,39.726551,345.0
116.43841381818183,39.72275018181819,250.54545454545453
116.429629,39.728147,341.0
116.4368875,39.7234955,256.0
116.44268574999998,39.723945900000004,264.9
116.43349791666667,39.729132416666666,344.6666666666667
116.433461,39.725315,21.0
116.45004977205875,39.724495441176465,261.9117647058824
116.4368583913044,39.720698847826085,137.2826086956522
116.4386295,39.720906,233.0
116.43832065694104,39.72398109090909,338.91861179361183
116.440653125,39.721314,30.5
116.4499042857143,39.724151285714285,76.28571428571429
116.4395845,39.721321697916665,339.08333333333337
116.4388060474138,39.7199378045977,131.16379310344826
116.43099000000001,39.721472,0.0
116.43219020000001,39.721739666666664,255.6
116.44488995015573,39.7237292990654,82.07165109034268
116.43889542307693,39.71963630769232,129.23076923076923
116.43733808108108,39.724531675675664,169.1891891891892
116.43327731141521,39.72855885901369,81.0
116.44052474074073,39.72131922222223,34.407407407407405
116.43676899999998,39.7264314935065,158.76623376623377
116.44311874528523,39.72386195052518,262.47326330866554
116.4440566,39.723217,60.0
116.43104816666664,39.72372287499999,355.0
116.436788,39.72231,208.0
116.43928129411768,39.719329441176455,132.58823529411765
116.44082458095245,39.72076199999997,9.666666666666666
116.43213764285713,39.71712835714285,174.92857142857142
116.431444625,39.729209000000004,266.5
116.43207872727271,39.71743036363636,356.09090909090907
116.44017150000003,39.72369911538461,275.65384615384613
116.43316632500004,39.7284883,17.85
116.43393662776025,39.72139298738173,79.65930599369085
116.4398278876404,39.72388683146068,260.8426966292135
116.44010518181818,39.72088281818182,68.63636363636364
116.42940275,39.72384275,73.25
116.44793499065418,39.723844672897215,81.90654205607477
116.43948889830507,39.72157223728814,338.96610169491527
116.43910591666663,39.72361537499999,304.9166666666667
116.4309058888889,39.72566477777778,258.5
116.43820466666666,39.72289833333334,150.0
116.43218463636363,39.71705013636363,339.3181818181818
116.43889742857142,39.72218885714286,150.28571428571428
116.43328020202021,39.72112277777777,84.85858585858585
116.43039182758623,39.7276054137931,180.0
116.44138445454546,39.72363645454545,250.0909090909091
116.440401695122,39.72393270731707,263.7317073170732
116.4340254,39.722042800000004,76.8
116.44144,39.720015,42.0
116.445506,39.7186,290.0
116.4307465,39.72556925,43.0
116.44069225,39.71848714062501,158.90625
116.4376,39.719601,97.0
116.42958530434782,39.72867143478261,348.60869565217394
116.43556943589742,39.72212000000001,240.6153846153846
116.43694722580646,39.72342001612903,250.91935483870967
116.43299832781462,39.72126651655627,83.5728476821192
116.43812460000002,39.72038413333333,120.2
116.44238043859652,39.724042000000004,265.96491228070175
116.43553419523487,39.72167457780817,72.32044693733175
116.437025,39.721055,143.0
116.43949309672979,39.719169878015215,135.81107333657116
116.43853778947368,39.722884342105246,158.75
116.437811671875,39.72358165624999,258.265625
116.43609700000002,39.729105777777775,353.0
116.43104,39.729221,53.0
116.43636847945206,39.72694968493153,160.76712328767124
116.43309086842108,39.72855907894737,0.0
116.4345005,39.724782000000005,162.0
116.44030809090913,39.71944545454544,61.38383838383838
116.43770109035087,39.72356177192983,258.00438596491233
116.4393715,39.718163,82.0
116.44292138947363,39.72383606315789,261.9894736842105
116.43202270588233,39.729249823529415,263.3529411764706
116.44396451923073,39.72339462499998,69.72115384615384
116.433745,39.729285,13.0
116.44272297222224,39.71506869444445,330.19444444444446
116.434615,39.724383,49.0
116.43894476470588,39.72135217647059,178.94117647058823
116.43789751049495,39.72014797023809,120.24655388471177
116.43888684718969,39.723255222482436,255.92740046838406
116.43541885840709,39.72108409734514,104.89380530973452
116.43859762499999,39.722242666666666,157.125
116.43858643055555,39.724022625,323.83333333333337
116.4386853888889,39.72255088888889,158.80555555555554
116.437823,39.723983,0.0
116.44581219999999,39.72184753333333,0.0
116.42955574999999,39.729079,346.0
116.42926434697809,39.72132142051521,270.3453164034746
116.428603,39.723888,273.0
116.44114130400003,39.717161999999995,157.368
116.44366992187507,39.723586744791646,80.91145833333333
116.43988835483873,39.72287908064517,70.62903225806451
116.4345622241379,39.72180637931034,248.51724137931035
116.43464933783781,39.72149672972977,70.21621621621621
116.44977915827353,39.724201546762615,81.77458033573141
116.43475827586207,39.721344482758624,85.62068965517241
116.43798427586206,39.720670034482744,102.55172413793103
116.43951121951221,39.7236287804878,259.0975609756098
116.43809419999998,39.72444806666666,330.3333333333333
116.4428956923077,39.72305688461539,63.69230769230769
116.43963760000001,39.719045699999995,130.4
116.43133925,39.725749,75.5
116.43587,39.72164,89.0
116.42979,39.7239058,263.4
116.43780940740741,39.72373118518519,158.40740740740742
116.4409755,39.7195705,52.0
116.43288150000001,39.720923,268.0
116.4336433088687,39.721481061162045,259.5474006116208
116.44088761538457,39.7180776923077,158.67307692307693
116.43772630985917,39.72449440845068,158.5211267605634
116.4407550122549,39.72184055514706,9.844362745098039
116.43677255172415,39.72726996551723,330.3448275862069
116.42943740000001,39.726353,171.0
116.43628903174603,39.72713755555556,160.87301587301587
116.43893857142855,39.719856374999964,131.91071428571428
116.445678,39.7265805,253.0
116.43841152173911,39.724194347826085,331.9130434782609
116.44241027272732,39.722261363636356,30.772727272727273
116.43048,39.725615,16.0
116.44206465789473,39.7162747368421,338.9736842105263
116.43266558571422,39.72117762380955,84.57619047619048
116.44089072727273,39.72207990909091,194.72727272727272
116.43390799999999,39.72093247058823,87.94117647058823
116.44192155555555,39.71567611111112,150.5185185185185
116.43848897142857,39.72341585714287,250.65714285714284
116.43893229151287,39.72265460516608,68.36531365313652
116.43375897297297,39.72681454054056,22.0
116.430233,39.72401,116.0
116.43019560526318,39.72905963157893,79.0
116.43342233333333,39.728191333333335,0.0
116.4347188333333,39.72094679999999,86.83333333333334
116.44741546224238,39.724097798627014,261.8970251716247
116.447533,39.718765,257.0
116.44423381396199,39.72414085599415,266.22733918128654
116.44121237499999,39.723140125,70.0
116.445181,39.724885,156.0
116.44099061538458,39.71759111538461,150.73076923076923
116.4342299058824,39.721431635294074,70.23529411764706
116.43672662857144,39.722706257142875,234.62857142857143
116.42940092184264,39.7262744689441,326.0978260869565
116.43821412903226,39.72071206451612,266.5806451612903
116.43037687096775,39.72773303225808,180.0
116.44080942857146,39.718219142857144,150.35714285714286
116.43924,39.723645,266.0
116.44170339393938,39.72090351515151,12.757575757575758
116.43084225,39.72475300000001,161.75
116.43308707865171,39.72118898876406,85.7752808988764
116.44194533333332,39.71538733333333,152.66666666666666
116.44112564062502,39.717607984375,158.859375
116.4372731,39.72280669999999,246.2
116.43582828571428,39.72910242857143,340.85714285714283
116.4432348766205,39.723555989591276,80.38254918407809
116.43609931182804,39.728810043010746,345.48387096774195
116.44136677272726,39.723088431818184,335.5681818181818
116.435055,39.720965,102.0
116.43445774999999,39.7243165,83.25
116.4330761358025,39.728769111111106,4.407407407407407
116.42999233333335,39.727531,349.6666666666667
116.445091,39.723215,78.0
116.43886739999999,39.721075479999996,199.72
116.44822444913144,39.724183129032326,262.4193548387097
116.43074566666667,39.723961,280.6666666666667
116.43361758333334,39.7291835,0.0
116.4301605,39.726783125000004,347.0
116.43309,39.725095,43.0
116.43796948148146,39.723426518518515,158.03703703703704
116.433061,39.724785,214.0
116.43157675,39.722246750000004,167.0
116.444717,39.7242335,269.0
116.443785,39.72378,0.0
116.44159523308264,39.72092868421051,13.338345864661655
116.44286201639346,39.722740327868856,47.377049180327866
116.43076416666668,39.727945166666665,180.0
116.4448555,39.726768,209.0
116.434486,39.721,267.0
116.4406152,39.7237463,266.6
116.43925951162791,39.71960999999999,135.46511627906978
116.44114950000001,39.723838699999995,260.2
116.43557403030303,39.722236969696965,235.78787878787878
116.43870171428568,39.72062628571428,86.9047619047619
116.44547635051556,39.72403949484534,264.78350515463916
116.43794947826083,39.72472311594201,338.8695652173913
116.43297740000004,39.72874043333333,0.0
116.43825093749997,39.724518937499994,336.84375
116.43136888888888,39.723638333333334,0.0
116.44031,39.720948,68.0
116.438605,39.72422,304.0
116.4418723619529,39.716991403030306,340.86262626262624
116.430151,39.726601,265.0
116.44063299999999,39.7234625,261.5
116.43346453676475,39.72113483088232,84.54411764705883
116.43989625,39.72216683333334,73.75
116.439646,39.723066,240.0
116.43334206818182,39.72890092045455,309.95454545454544
116.43108214457828,39.721486783132534,267.95180722891564
116.44900140947087,39.724126668523795,81.6991643454039
116.429663,39.728815,200.0
116.44571136363635,39.72177472727273,0.0
116.43696224242426,39.72096103030303,111.24242424242425
116.43720955319147,39.72654795744681,337.63829787234044
116.43820505555556,39.72410861111112,338.8888888888889
116.44436341095889,39.72396782191782,264.75342465753425
116.44631567197443,39.723827267515865,81.3375796178344
116.43531378260872,39.72109718840582,103.76811594202898
116.43122137499999,39.72370221875001,11.21875
116.44092855999997,39.717818040000004,150.32
116.42923966666666,39.72389033333334,88.33333333333333
116.44233681052638,39.72341616315788,78.17894736842105
116.43142766666666,39.722703333333335,347.0
116.4333223157895,39.72925410526316,191.0
116.43280333333333,39.72848833333333,53.0
116.44119410000006,39.72150655714287,24.321428571428573
116.44620093037983,39.7238317721519,79.9746835443038
116.4428046875,39.72301353125002,62.25
116.43034925,39.726385,341.0
116.43762509999996,39.72538865,330.45
116.43311037777781,39.7289268888889,0.0
116.43201181095894,39.721344430136995,265.7041095890411
116.429529,39.7284285,340.0
116.4288340259067,39.7213354067358,270.2461139896373
116.43491497183105,39.72155439084506,75.49295774647888
116.43420516666669,39.7219225,249.83333333333334
116.44124976923075,39.723559230769226,250.3846153846154
116.43926030864198,39.723805407407404,258.5925925925926
116.43914300000002,39.72298909999999,249.7
116.44399782812496,39.72411339062498,266.046875
116.438596,39.719451,120.0
116.43138707317073,39.72922378048781,259.8780487804878
116.42971244776118,39.721482701492526,269.23880597014926
116.433335,39.727595,135.0
116.43709359595955,39.722252484848525,240.25252525252526
116.437916,39.723846,163.0
116.44446030769221,39.72381531299735,261.6737400530504
116.44388695161288,39.72411924193547,266.0483870967742
116.44885899999998,39.72716233333333,108.0
116.43830328231296,39.722615690476175,248.58503401360545
116.44029715384616,39.72226261538462,73.46153846153847
116.435005875,39.722343125,221.0
116.4335453059702,39.72150435820895,259.6119402985075
116.44090380952383,39.718698809523815,330.3333333333333
116.43700722222215,39.722048325925925,69.0
116.44606300000001,39.718633,81.0
116.432071,39.72911,30.0
116.43899849035458,39.72190329929077,158.6377304964539
116.43081440764328,39.72118089808913,89.99150743099787
116.43146999999999,39.7280705,36.0
116.43350950000001,39.7248681,0.0
116.43156714285713,39.72920025,259.25
116.44064698550723,39.72395542028987,265.2028985507246
116.429446,39.728715,151.0
116.429140875,39.727839875,83.25
116.43433825757577,39.72175780303031,250.22727272727272
116.439544,39.72384055,285.7
116.44221120370369,39.72356102469138,250.23905723905725
116.43906000000001,39.72354815384615,252.34615384615384
116.43916133333335,39.722258333333336,330.25
116.44468809722207,39.72383312500005,261.6777777777778
116.43094330555557,39.72150191666666,267.75
116.43875437499999,39.720910875,211.0
116.4417782,39.721144550000005,10.9
116.44507600000001,39.72610366666667,179.33333333333334
116.432035,39.719701,268.0
116.4334385,39.729306,249.5
116.43871,39.723396,262.0
116.43748186206902,39.72499751724137,158.68965517241378
116.43802178571427,39.72180864285715,63.285714285714285
116.43873806349205,39.72312992063492,339.031746031746
116.43878935734061,39.72276768975064,249.08864265927977
116.42860937500001,39.723791875,83.0
116.4445927,39.723882066666626,262.75714285714287
116.439935,39.720563,70.0
116.43699725531907,39.726000212765975,158.60638297872342
116.43014074999996,39.72145784375002,260.34375
116.432661,39.729091,132.0
116.43750230555558,39.72439313888889,160.36111111111111
116.429307125,39.724683,346.5
116.432042,39.728120000000004,89.0
116.44252643939397,39.715392757575756,339.0151515151515
116.43858398529413,39.72279470588234,158.7058823529412
116.44036728571429,39.719430357142855,70.35714285714286
116.441366675,39.72174728749999,28.1375
116.43355329230765,39.7217092,257.2153846153846
116.4414,39.7226,55.0
116.4432020869565,39.72291255434779,51.44565217391305
116.44185726666669,39.71581733333333,150.2
116.4363040952381,39.72268495238096,227.57142857142858
116.43901294999993,39.723768475,258.3625
116.44108361904762,39.71860614285714,339.95238095238096
116.44075,39.718761,118.0
116.43121036363635,39.723479727272725,147.72727272727272
116.43027359999999,39.727660400000005,180.0
116.43170924390242,39.72370365853659,0.0
116.43309164705883,39.72111544117648,80.58823529411765
116.44328562222219,39.723878688888895,262.64444444444445
116.43447178688524,39.72171622950821,250.0983606557377
116.43315483333333,39.721695833333335,250.66666666666666
116.4450303422053,39.72371247528513,81.2851711026616
116.44369088764049,39.72389684269664,263.40449438202245
116.43007560000001,39.72726279999999,166.6
116.43317071428577,39.72163573949579,260.16806722689074
116.42940756666668,39.72924816666667,339.56666666666666
116.4316245324676,39.72803051948054,36.0
116.43497165625001,39.72222999999999,220.78125
116.4373093809524,39.72287545238096,240.61904761904762
116.438427,39.724403333333335,310.6666666666667
116.42966106666664,39.72843873333333,350.53333333333336
116.44567452941175,39.7241835882353,260.4117647058824
116.43339654071673,39.72144201628664,260.5244299674267
116.44245439999997,39.7233249,78.7
116.43734466666666,39.72605683333333,330.44444444444446
116.42987600000001,39.7238165,58.0
116.432253,39.720783,0.0
116.43819725000004,39.72364135714285,258.9642857142857
116.44254866666667,39.723341,82.66666666666667
116.43071295000001,39.724970450000015,165.8
116.4407164,39.7237428,261.2
